Source,Target,Weight
soy-lecithin,wheat-flour,225
malted-barley-flour,sugar,203
nonfat-dry-milk,salt,182
oregano,salt,145
sodium-benzoate,water,137
niacin,palm-oil,135
riboflavin,spices,116
sugar,yellow,102
folic-acid,sodium-bicarbonate,100
corn-syrup,riboflavin,90
garlic,xanthan-gum,81
calcium-propionate,reduced-iron,80
cocoa-butter,milk,57
baking-powder,wheat-flour,56
calcium-propionate,calcium-sulfate,52
rice,salt,48
salt,soy,45
folic-acid,potassium-sorbate,43
folic-acid,yeast-extract,40
mono-diglycerides,reduced-iron,39
pyridoxine-hydrochloride,vitamin-palmitate,38
caffeine,citric-acid,37
artificial-flavor,leavening,36
butter,folic-acid,34
enzymes,soy-lecithin,29
inositol,preservative,28
salt,to-protect-flavor,28
to-protect-flavor,water,28
flavor,folic-acid,26
citric-acid,skim-milk,24
soy-flour,yeast,22
caramel-color,onions,21
citric-acid,sesame-seeds,21
corn-syrup,sodium-lactate,21
cranberries,raisins,21
dehydrated-garlic,dextrose,21
potassium-sorbate-preservative,salt,21
salt,spices-flavorings,21
lactose,riboflavin,18
preservative,vegetable-oil,18
ascorbic-acid,enzyme,17
food-starch,palm-oil,17
iron,modified-corn-starch,17
sugar,vanilla-flavor,17
alum,cucumbers,16
corn-flour,soy-flour,16
dextrose,sea-salt,16
enzymes,preservatives,16
pork,sodium-lactate,16
corn-syrup-solids,lactic-acid,15
cream,yeast-extract,15
flavorings,sodium-diacetate,15
oats,wheat-flour,15
dough-conditioners,folic-acid,14
garlic-puree,tomato,14
potassium-bromate,sugar,14
red,red,14
whey,yellow,14
banana-chips,sugar,13
citric-acid,emulsifier,13
corn-syrup,sodium-hexametaphosphate,13
flavoring,mechanically-separated-turkey,13
maltodextrin,sodium-benzoate,13
biscuit-concentrate-leavening-sodium-bicarbonate,water,12
black-pepper,brown-sugar,12
chili-pepper,tomato-paste,12
dairy-cultures,thiamine-mononitrate,12
egg-yolks,maltodextrin,12
flavor,flour-wheat-flour,12
oats,soy-lecithin,12
reduced-iron,whey-powder,12
turkey-fat,water,12
blue,red,11
carbonated-water,sugar,11
cornstarch,onion-powder,11
dicalcium-phosphate,salt,11
egg-yolks,enzymes,11
flavor,vitamin-e-antioxidant,11
guar-gum,paprika,11
carbonated-water,flavor,10
dehydrated-onion,spice,10
enzymes,phosphoric-acid,10
flavors,sorbic-acid,10
folic-acid,leavening-sodium-bicarbonate,10
guarana-extract,vit-b,10
gum-arabic,high-fructose-corn-syrup,10
gum-arabic,reduced-iron,10
lactic-acid,nonfat-milk,10
leavening-sodium-acid-pyrophosphate,water,10
milk,soybean,10
modified-corn-starch,sodium-phosphates,10
mono-diglycerides,wheat-starch,10
bht,propyl-gallate,9
calcium-caseinate,milk-protein-concentrate,9
chicken-fat,hydrolyzed-corn-protein,9
chili-powder-chili-peppers,cumin,9
citric-acid,polysorbate,9
cocoa-butter,coconut-oil,9
corn-flour,malted-barley-flour,9
cultured-nonfat-milk,guar-gum,9
disodium-inosinate,modified-food-starch,9
distilled-vinegar,vegetable-oil,9
electrolyte,pyridoxine-hydrochloride,9
emulsifier,vegetable-oil,9
folic-acid,sodium-nitrite,9
invert-sugar,preservative,9
invertase,soy-lecithin,9
niacinamide,sodium-ascorbate,9
taurine,vit-b,9
artificial-flavor,lactic-acid-dairy-cultures,8
buttermilk,sodium-citrate,8
calcium-sulfate,carob-bean-gum,8
canola-oil,zinc-oxide,8
canola-soybean-oil,water,8
carmine,salt,8
coconut,org,8
color,red,8
corn-flour,enzymes,8
corn-starch,pinto-beans,8
corn-syrup-solids,sodium-diacetate,8
dehydrated-garlic,tomatoes,8
dextrose,glycerol,8
flavors,gum-arabic,8
flour,vanilla-extract,8
milk-protein-concentrate,sugar,8
niacinamide,potassium-sorbate,8
nonfat-milk-solids,sugar,8
onion,soybean,8
onion-powder,soy,8
salt,vinegar-pork-skin,8
blue,dextrin,7
carnauba-wax,modified-food-starch,7
cayenne-pepper,tomato-paste,7
cellulose,cream,7
chocolate-liquor,dextrose,7
citric-acid,green-bell-pepper,7
citric-acid,yellow-lake,7
corn-syrup,rolled-oats,7
fd-c-red,modified-food-starch,7
ferrous-sulfate,onion-powder,7
freshness,modified-food-starch,7
garlic-powder,thiamin-mononitrate,7
gum-base,yellow-lake,7
modified-food-starch,sodium-aluminum-phosphate,7
molasses,turmeric,7
niacin,spinach,7
palm-kernel-oil,skim-milk,7
palm-oil-shortening,wheat-flour,7
peaches,sugar,7
peas,water,7
peppers,whey,7
sodium-diacetate,thiamin-mononitrate,7
alcohol,niacin,6
annatto-color,cheese-culture,6
artificial-flavors,invert-sugar,6
beta-carotene,biscuit-concentrate,6
betacarotene,garlic,6
blue,soy-lecithin,6
buttermilk,milk-solids,6
calcium-propionate,cultured-low-fat-milk,6
carrot-juice-concentrate,maltodextrin,6
celery,corn-syrup,6
cocoa-powder,maltodextrin,6
cream-of-tartar,yellow-lake,6
datem,wheat-flour-flour,6
dough-conditioner,riboflavin-folic-acid,6
egg-yolks,mustard-seeds,6
electrolyte,fruit-vegetable-juice,6
erythritol,pyridoxine-hydrochloride,6
folic-acid,meatballs-made-chicken-beef,6
folic-acid,milled-corn,6
garlic,oregano,6
hydrolyzed-corn-protein,xanthan-gum,6
lemon-juice-concentrate,soybeans,6
less-than-corn-syrup,sugar,6
rebaudioside,sugar,6
red,vegetable-oil,6
sauce,soybean-oil,6
sea-salt,sodium-nitrite,6
sodium-lactate,vinegar,6
soybean-canola,sugar,6
thiamin-mononitrate,whey-powder,6
titanium-dioxide,whey,6
alum,flavor,5
ammonium-sulfate,calcium-peroxide,5
artificial-colors,modified-corn-starch,5
baking-soda,cocoa-powder,5
bay-leaves,soybean-oil,5
beef-pork,sugar,5
benzoic-acid,flavors,5
bht-citric-acid-to-help-protect-flavor,caramel-color,5
biotin,potassium-iodide,5
black-pepper,celery-seed,5
brown-rice,lime-juice,5
brown-sugar,rolled-oats,5
calcium-carbonate,calcium-sulfate,5
caramel-color,cooked-turkey-meat-turkey-juices,5
caramel-color,mushrooms,5
caramel-color,whey-protein-concentrate,5
cheese-cultures,chili-pepper,5
chicken-stock,folic-acid,5
citric-acid,green-bell-peppers,5
cooked-pinto-beans,spices,5
dehydrated-garlic,tomato,5
dextrin,whey,5
dextrose,lemon-juice-concentrate,5
dextrose,partially-hydrogenated-soybean-oil,5
enzymes,monopotassium-phosphate,5
enzymes,wheat-flour-flour,5
ginger,onion-powder,5
ginger-extract,water,5
granulated-onion,paprika,5
honey,sodium-diacetate,5
margarine,xanthan-gum,5
mayonnaise-water,salt,5
niacinamide,spices,5
pinto-beans,yeast-extract,5
prevent-caking,salt,5
propylene-glycol,sodium-bicarbonate,5
raisin-juice-concentrate,sunflower-oil,5
red-bell-peppers,wheat-gluten,5
salt,titanium-dioxide-color,5
sodium-benzoate,vegetable-shortening,5
sodium-selenite,whey-protein-concentrate,5
sugar,tea,5
turkey-fat,turkey-stock,5
acetic-acid,sodium-phosphate,4
agar,citric-acid,4
almonds,chicory-root-fiber,4
ammonium-sulfate,calcium-stearoyl-lactylate,4
an-emulsifier,palm-kernel-oil-palm-oil,4
apple-slices,pineapple,4
artificial-colors,artificial-flavor,4
artificial-flavourings,water,4
basil,sauce,4
beef-stock-beef-flavor,salt,4
beeswax,cashews,4
bha,vitamin-c,4
black-pepper,scallions,4
blue,monocalcium-phosphate,4
butter-flavor-maltodextrin,modified-food-starch,4
buttermilk-cultured-low-fat-milk,vitamin-d,4
buttermilk-solids-milk-solids,calcium-sulfate,4
cabbage,egg-yolks,4
calcium-hydroxide,high-oleic-oil,4
calcium-propionate,fungal-enzyme,4
caramel-color,potato-flour,4
casein,wheat-flour,4
casein,whey-protein-isolate,4
chicken-stock,wheat-flour,4
chili-powder,soybean-oil,4
citric-acid,partially-hydrogenated-soybean-oil-crust-flour,4
cocoa-butter,rice-flour,4
cocoa-butter,vitamin-palmitate,4
coconut,riboflavin,4
coconut-oil,rice-flour,4
coconut-oil,soybean-oil,4
coconut-oil,thiamin-mononitrate,4
color,ester-gum,4
color,fully-cooked-pork-chicken-sausage-patty-pork,4
color,palm,4
colors,monosodium-glutamate,4
corn-starch,cured-water,4
cows-milk,milk,4
creamer-gum,water,4
cultured-dextrose,onion,4
cyanocobalamin,vitamin-b,4
dextrin,peanut-oil,4
disodium-guanylate,salt,4
e,water,4
emmenthal-cheese,milk,4
enzymes,extra-virgin-olive-oil,4
enzymes,vegetable-mono-diglycerides,4
evaporated-cane-sugar,garlic-powder,4
ferric-orthophosphate,guar-gum,4
ferrous-sulfate,high-oleic-oil,4
filtered-water,flax-seed-meal,4
flavors,sodium-ascorbate,4
flavour,salt,4
flour,gum-arabic,4
folic-acid,lactic-acid,4
food-starch,sausage,4
free-flow-agent,water,4
gelatin,sorbitol,4
high-fructose-corn-syrup,propylene-glycol-alginate,4
hydrolyzed-soy,soy-lecithin,4
hydrolyzed-soy-protein,modified-corn-starch,4
inositol,less-than-mortierella-alpina-oil,4
invert-sugar,malt-extract,4
lemon-juice-concentrate,tomato,4
lemon-juice-concentratej,water,4
malted-barley-flour,spices,4
molasses-refiners-syrup,sugar,4
paprika,tapioca-starch,4
peanut-oil,yellow-lake,4
pear-puree,salt,4
potassium-acetate,smoke-flavor,4
potassium-iodide,water,4
potato-flour,riboflavin-folic-acid,4
puffed-rice,sugar,4
rendered-pork-fat-vegetable-oil,riboflavin,4
rendered-pork-fat-vegetable-oil,whey,4
romano-cheese-cows-milk,sauce,4
salt,semi-hard-cheese,4
salt,semolina-wheat,4
salt,vegetable-oils-contains-one-more-of-soybean-oil,4
seasoning-salt,sodium-acid-pyrophosphate,4
sesame-oil,wheat,4
sesame-seeds,vinegar,4
soy-bean,water,4
soy-lecithin,the-following-soybean-oil,4
spice-extractives,xanthan-gum,4
taurine,vitamin-palmitate,4
tenderized-bromelain,water,4
water,yeast-extract,4
allulose,corn-starch,3
almonds,milk-fat,3
almonds,nonfat-milk,3
alum,preservatives,3
ammonium-bicarbonate,soy-lecithin,3
annatto,culture,3
artificial-flavor,baking-soda-calcium-phosphate,3
artificial-flavors,nutmeg,3
ascorbic-acid,bacon,3
ascorbic-acid,silicon-dioxide,3
azodicarbonamide,enzyme,3
bacon,disodium-inosinate,3
baking-powder,emulsifier,3
baking-powder,scallions,3
bananas,milk,3
bananas,sodium-acid-pyrophosphate,3
beans,tomato,3
beta-carotene,flour,3
blue-lake,palm-oil,3
brominated-vegetable-oil,calcium-disodium-edta,3
butter,milk-powder,3
buttermilk-powder,phosphoric-acid,3
caffeine,filtered-water,3
calcium-carbonate,folic-acid,3
calcium-carbonate,thiamine-hydrochloride,3
calcium-lactate,flour,3
calcium-propionate-potassium-sorbate,preservatives,3
calcium-sulfate,potatoes,3
cane-sugar,chia-seeds,3
cane-sugar,chocolate-chips,3
cane-sugar,expeller-pressed-high-oleic-safflower-sunflower-oil,3
cane-sugar,lactic-acid,3
canola-oil,green-leaf-lettuce,3
canola-oil,vine-tomatoes,3
canola-soybean-oil,vitamin-b,3
caramel,soy-lecithin,3
caramel-color,ham,3
carrot-juice-concentrate,onion-powder,3
celery,disodium-guanylate,3
cellulose-gum,colors,3
chicken,spice,3
chicken-flavor,wheat-flour-wheat-flour,3
chocolate-chips,dextrose,3
chocolate-chipssugar,flavor,3
cocoa-processed-alkali,vanillin,3
color,vitamin-b,3
concentrated-crushed-tomatoes,water,3
condensed-milk,vegetable-oil,3
contains-one-more-of-the-following-oils-canola,vegetable-oil,3
corn-maltodextrin,onion-powder,3
corn-oil-soybean-oil,salt,3
corn-starch,potato,3
cream,yellow-lake,3
cream-cheese,mono-diglycerides,3
cultured-milk,sodium-metabisulfite,3
cultured-sugar,evaporated-cane-sugar,3
cumin,dehydrated-onion,3
cured-water,lactic-acid,3
cyanocobalamin,gum-arabic,3
dehydrated-onion,iron,3
dextrin,m-ms-milk-chocolate-candies,3
dicalcium-phosphate,sodium-bicarbonate,3
disodium-guanylate,iron,3
disodium-inosinate,potato-starch,3
egg,flour-wheat-flour,3
egg,sea-salt,3
emulsifiers,soybean-oil,3
enrichment,mono-diglycerides,3
enzyme,raisins,3
european-salad-mix,sugar,3
extractives-of-turmeric,soybean-oil,3
flavors-hickory-smoke,salt,3
flour-tortilla-flour,garlic-puree,3
flour-wheat-flour,soy-lecithin,3
folic-acid,propionic-acid,3
folic-acid,red,3
garlic,onions,3
graham-crumbs,sugar,3
gum-acacia,iron,3
high-fructose-corn-syrup,soybean-oil-palm-oil,3
hydrolyzed-soy-corn-protein,yeast-extract,3
hydrolyzed-soy-protein,parsley,3
hydrolyzed-soy-protein,the-following-salt,3
hydrolyzed-soy-protein,thiamin-mononitrate,3
kosher-salt,vine-tomatoes,3
lactic-acid,malic-acid,3
leavening,wheat-flour-wheat-flour,3
lecithin-soy,pgpr,3
lemon-vinaigrette,salt,3
lycopene,salt,3
maltitol,peanuts,3
may-also-contain-tricalcium-phosphate,sugar,3
milk,monopotassium-phosphate,3
milk,skim-milk-powder,3
modified-corn-starch,starch,3
molasses,molasses-powder,3
molasses,wheat-flour-wheat-flour,3
mustard-powder,water,3
mustard-seed,red-wine-vinegar,3
natamycin,sea-salt,3
nisin-preparation,white-wine,3
nonfat-milk,yellow,3
oats,vitamin-palmitate,3
palm-oil,riboflavin-vitamin-b,3
paprika,spices-flavorings,3
paprika-extract,tomatoes,3
pecans,sunflower-oil,3
potassium-sorbate-sodium-benzoate-to-maintain-freshness,vinegar,3
rice,spices,3
rice-cereal-rice,salt,3
salt,soybean-palm-canola-corn-oil,3
salt,xanthan-gum-cultured-dextrose,3
salt,yogurt-cultures,3
scallions,vinegar,3
sodium-benzoate,yellow,3
sodium-hydrogen-carbonate,wheat-flour,3
sodium-phosphates,wheat-starch,3
sodium-propionate,vegetable-mono-diglycerides,3
sucralose,to-protect-flavor,3
sugar,toasted-oats,3
sugar,vegetable-oils-palm,3
vinegar,wine,3
vitamin-b,yeast-extract,3
water-carrier-citric-acid,seasoning,2
acesulfame-potassium,artificial-flavors,2
acesulfame-potassium,cranberry-juice-concentrate,2
alcohol,leavening-sodium-acid-pyrophosphate,2
all-purpose-flour,riboflavin-folic-acid,2
allulose,preservative,2
almonds,palm-oil,2
almonds,soy-protein-concentrate,2
ammonium-bicarbonate,ferrous-fumarate,2
amylolytic-enzymes,riboflavin,2
annatto-extract,corn-starch,2
annatto-extract,lactic-acid,2
annatto-extract,sodium-caseinate,2
annatto-color,cheese-culture,2
antioxidants-ascorbyl-palmitate,palm-oil,2
apple-cider-vinegar,partially-hydrogenated-vegetable-oil-soybean,2
apple-cider-vinegar,turmeric-beet-powder,2
apple-cider-vinegar,vitamin-palmitate,2
apple-pectin-fiber,pineapple,2
apples,spices,2
arabic-gum,carrot,2
artificial-color,pretzels,2
artificial-color-yellow,sugar,2
artificial-flavor,horseradish,2
artificial-flavor,soy-lecithin-an-emulsifier,2
artificial-flavor,zinc,2
artificial-flavor-sausage-pork,whey-solids,2
artificial-flavoring,cherry-cortrate,2
artificial-flavoring,dextrin,2
artificial-flavors,ethyl-alcohol,2
artificial-flavors,glycerol,2
artificial-flavors,palm-kernel-oil-palm-oil-partially-hydrogenated-vegetable-oil,2
ascorbic-acid,cottonseed,2
ascorbic-acid,panax-ginseng-extract,2
ascorbic-acid,sorbitan-monostearate,2
ascorbic-acid-sodium-ascorbate,vitamin-palmitate,2
autolyzed-yeast-extract,mustard-flour,2
bacon,sodium-diacetate,2
bacon-fat,yeast-extract,2
baking-soda,ginger,2
balsamic-vinegar,paprika,2
batter-mix,soybean-cottonseed-oil,2
bay-leaf,sulfiting-agents-contains-sulfites,2
beef,packed-in-pork-casing,2
beef-broth,xanthan-gum-beef-extract,2
beef-fat,vitamin-palmitate,2
beef-flavor-contains-beef-extract,caramel-color,2
beef-stock,folic-acid,2
bell-peppers,riboflavin-folic-acid,2
bell-peppers,tomato,2
benzoyl-peroxide,thiamine-vitamin-b,2
bht,molasses,2
black-pepper,magnesium-chloride,2
black-pepper,red-onions,2
blue,thiamine-mononitrate,2
blue-lake,emulsifier,2
blue-lake,enzymes,2
blue,milk-chocolate-sugar,2
blueberries,cane-syrup,2
bread-wheat-flour,lactic-acid,2
brown-sugar,sodium-aluminum-phosphate,2
brown-sugar-syrup,corn-meal,2
buttermilk,soy,2
buttermilk-biscuit-water,riboflavin-folic-acid,2
cake-pieces,mono-diglycerides,2
calcium-caseinate,carrageenan,2
calcium-chloride,prepared-mustard,2
calcium-phosphate,cultured-grade-skim-milk,2
calcium-sulfate,crushed-wheat,2
candy-bits,corn-cereal,2
cane-sugar-syrup,sodium-alginate,2
canola-oil,food-starchmodified,2
canola-oil,grain-rolled-oats,2
caramel-color,milkfat,2
caramel-color-cooked-egg-patty-eggs,soybean-oil,2
carrot,sesame-flavored-oil,2
carrot,vegetables-onion,2
carrot-juice-concentrate,corn-syrup,2
celery,crab-extract,2
celery-seeds,jalapeno-peppers,2
cellulose-gum,skim-milk-powder,2
chardonnay,salt,2
cheddar-cheese,wheat-starch,2
cheddar-cheese-milk,soybean,2
cheddar-cheese-milk,tomatoes,2
cheese-culture,red-onion,2
cheese-culture,soy-lecithin,2
cheese-sauce,parmesan-cheese,2
cheese-sauce,vegetable-oil,2
chicken-broth,corn-starch,2
chicken-broth,red-wine-vinegar,2
chicken-broth,sodium-bicarbonate,2
chicken-broth-concentrate,oregano,2
chicken-fat,datem,2
chicken-fat,thiamine-hydrochloride,2
chicken-flavor-concentrate-chicken-stock,flavor,2
chicken-pork-frankfurters-made-chicken,dextrose,2
chicken-salad,egg-yolks,2
chili-peppers,soybean-oil,2
chili-powder-spices,flavor,2
chocolate,n-flavors,2
chocolate,walnuts,2
chocolate-chips,milkfat,2
chocolatey-pieces,yellow,2
cinnamon,glycerin,2
citric-acid,e,2
citric-acid,hot-sauce,2
citric-acid,seedless-raisins,2
cocoa,phosphoric-acid,2
cocoa-alkali-processed,folic-acid,2
cocoa-butter,less-than-coloring-includes-blue-lake,2
cocoa-butter,m-ms-minis-milk-chocolate-candies,2
cocoa-butter,rolled-oats,2
cocoa-powder,color,2
cocoa-powder,paprika,2
cocoa-powder-processed-alkali,cornstarch,2
cocoa-processed-alkali,ice-cream-contains-milk,2
coconut-oil,tomato,2
cole-slaw-dressing,water,2
color,green-chilies,2
color,mini-pretzel-twists,2
coloring,onion-powder,2
colors,sodium-caseinate,2
concentrated-apple-juice,preservative,2
concentrated-butter,nutmeg,2
concentrated-grape-must,garlic,2
concentrated-lemon-juice,egg-yolks,2
contains-beef-extract,disodium-inosinate-disodium-guanylate,2
contains-wheat-flour,monocalcium-phosphate,2
cooked-ham-water,vinegar,2
cooked-red-quinoa-water,water,2
coriander,sweet-pepper,2
corn,potassium-sorbate,2
corn-flour,one-more-of-the-following-partially-hydrogenated-soybean-oil,2
corn-flour,smoke-flavor,2
corn-starch,soy-lechithin,2
corn-syrup,ketchup-tomato-concentrate,2
corn-syrup-solids,gravy-flavor-base,2
corn-syrup-solids-lemon-juice-solids,pork,2
cottonseed-oil,less-than-tricalcium-phosphate-to-prevent-caking,2
cottonseed,tomato-powder,2
cream,peppermint-oil,2
cream,skim-milk-solids,2
crushed-wheat,reduced-iron,2
culture,new-mexico-red-chilis,2
cultured-dextrose,soybeans,2
cultured-milk,molasses,2
datem,modified-corn-starch,2
defatted-soybeans,water,2
dehydrated-garlic,jalapeno-chile,2
dehydrated-garlic,textured-soy-flour,2
dehydrated-onion,minced-onion,2
dehydrated-potato-flakes,soybean-oil,2
dextrose,mayonnaise-soybean-oil,2
dextrose,tomatoes-in-juice,2
dextrose,sea-salt,2
diced-tomatoes,green-bell-peppers,2
diced-tomatoes-in-tomato-juice,jalapeno-peppers,2
disodium-inosinate,rendered-bacon-fat,2
disodium-inosinate-guanylate,maltodextrin,2
distilled-monoglycerides,peanut-oil,2
distilled-monoglycerides-diglycerides,nonfant-milk,2
distilled-vinegar,sodium-caseinate,2
dough-conditioner,vinegar,2
dough-improver-malted-wheat-flour,flavorings,2
dry-milk,nonfat-milk,2
dry-milk,yellow,2
each-of-the-following-salt,sodium-lactate,2
each-of-the-following-soy-flour,sesame-seeds,2
egg-soy-flour,sugar,2
egg-whites,rice-starch,2
eggs,potassium-sorbate-sodium-benzoate,2
enrichment-blend-magnesium-oxide,lactic-acid,2
enrichment-blend-magnesium-oxide,low-moisture-partskim-mozzarella-cheese-partskim-milk,2
enzyme-annatto,malted-barley,2
enzymes,london-broil-beef,2
enzymes,pumpernickel-flour,2
enzymes,salt-sodium-phosphates,2
enzymes,sodium-nitrite-may-contain-smoke-flavoring,2
enzymes,milk-mozzarella-cheese,2
enzymes,molasses-refiners-syrup,2
evaporated-cane-syrup,folic-acid,2
expeller-pressed-canola-oil-safflower-oil-sunflower-oil,flavor,2
fd-c-red,garlic-powder,2
fd-c-red,sodium-stearoyl,2
fd-c-yellow,wheat-flour,2
ferrous-sulfate,sodium-caseinate,2
ferrous-sulfate,vitamin-b,2
filling-cooked-eggs,potato-flour,2
filtered-water,palm-stearin,2
fish-protein,tetrasodium-pyrophosphate,2
flavor,nondairy-derived-from-sugar-beets,2
flavor,sodium-chloride,2
flavor-diced-onions-the-following-celery,spices,2
flavoring,process-american-cheese,2
flavorings-autolyzed-yeast-extract,spices,2
flavorings-coloring,sodium-nitrite,2
flavors,vegetable-juice-color,2
flour-wheat-flour,starter-distilled,2
food-starch-modified,spice-extractive,2
food-starchmodified,peanut-flour,2
free-flow-agent,sodium-lactate,2
freshness-sodium-benzoate,wheat-flour,2
garbanzo-beans,vinegar-lemon-juice,2
garlic,shoyu,2
garlic,silicon-dioxide,2
garlic-powder,soy-wheat-proteins,2
garlic-powder,spice-extract,2
garlic,pinto-beans,2
garlic,vinegar,2
glucose-syrup,potassium-iodate,2
glycerine,supreme-protein-bled,2
grain-wheat,reduced-iron,2
guar-gum,roasted-potatoes,2
guar-gum,soy-sauce-water,2
guar-gum,white-vinegar,2
hickory-smoke-flavor,rye,2
high-fructose-corn-syrup,peppers,2
high-oleic-canola-oil,thiamine-mononitrate,2
honey-glazed-walnuts,soy-lecithin,2
hot-sauce,sugar,2
hot-sauce-powder-aged-cayenne-pepper,maltodextrin,2
hydrolyzed-corn-protein,sodium-bicarbonate,2
hydrolyzed-corn-soy-protein,milk,2
invert-syrup,water,2
iron-ferrous-sulfate,wheat-flour,2
lactic-acid,potato-maltodextrin,2
lactose,monocalcium-phosphate,2
leavening-sodium-aluminum-phosphate,palm-shortening,2
leavening-sodium-bicarbonate,whey,2
lemon-juice-concentrate,lemon-oil,2
lemon-juice-concentrate,mustard-bran,2
lemon-pepper,processing-aid,2
lemon-scampi-butter-sauce,water,2
lime-juice-concentrate,white-wine,2
locust-bean-gum,onions,2
low-moisture-mozzarella-cheese-milk,yeast,2
low-moisture-partskim-mozzarella-cheese-partskim-milk,soy-flour-sauce-water,2
lymph-nodes-fat,pork-salivary-glands,2
m-ms-minis-milk-chocolate-candies,red,2
magnesium-chloride,spinach,2
malted-barley,tomato-puree,2
maltodextrin,sauce,2
mandarin-oranges,mizuna,2
may-contain-one-more-of-the-following-peanut,titanium-dioxide,2
mechanically-separated-chicken,wheat,2
methyl-cellulose,water,2
milk,potassium-lactate,2
milk,shellac,2
milk-powder,mono-diglycerides,2
milk-solids,pretzels,2
minced-garlic,xanthan-gum,2
mirin,sugar,2
modified-acacia-gum,salt-less-than-rosemary-extract,2
modified-food-starch,process-cheddar-cheese,2
modified-food-starch,sorbic-acid-calcium-disodium-edta,2
modified-food-starch,spice-mix-modified-food-starch,2
modified-food-starch,sweet-dry-whey,2
mold-inhibitor,natamycin-to-protect-flavor,2
mono-diesters,propylene-glycol,2
mono-diglycerides,spices,2
monopotassium-phosphate,prepared-mustard,2
mustard-bran,vinegar,2
mustard-seed,potassium-chloride,2
natamycin-to-protect-flavor,potato-starch,2
naturally-wood-smoked-brisling-sardines,vinegar,2
niacinamide,trisodium-phosphate-vitamins-minerals-calcium-carbonate,2
nongmo-corn-meal,salt,2
nonfat-dry-milk,peanut-oil,2
olive-oil,spices-flavorings,2
onion,roma-tomato,2
onion-powder,shrimp-powder,2
oregano,shortening,2
oregano,tomato-paste,2
palm-kernel-oil-palm-oil-partially-hydrogenated-vegetable-oil,yellow,2
palm-oil,salt-vegetable-mono-diglycerides,2
palm-stearin,riboflavin-folic-acid,2
paprika-oleoresin,tomato,2
parmesan-cheese,potassium-phosphate,2
partskim-milk,tapioca-starch,2
peanut-flour,zinc-oxide,2
peanuts,sulfur-dioxide-sodium-metabisulfite,2
pecans,whey,2
pecorino-cheese,wheat-flour,2
pecorino-yeast,wheat-flour,2
pepper,wheat-flour,2
potassium-bromate,sodium-benzoate,2
potassium-bromated,yeast-nutrient,2
potassium-phosphate,yeast-extract,2
potato-fiber,rice-flour,2
potatoes,soybean-cottonseed-oil,2
preservative,vinegar-water,2
propylene-glycol-ester-of-fatty-acids,soy-lecithin,2
propylene-glycol-ester-of-fatty-acids,sugar,2
red,sweet-relish,2
red,thiamine-mononitrate,2
red,vitamin-d,2
red-onions,sea-salt,2
red-quinoa,water,2
reduced-iron,white-coating,2
reduced-lactose-whey,yellow-yellow,2
reduced-mineral-whey-protein,sunflower-oil,2
relish,yeast,2
retains-product-freshness,sugar,2
riboflavin,seasoning-blend,2
riboflavin,soy-fiber,2
salt,the-following-artificial-flavors,2
salt,vegetable-flavor,2
sesame-paste,soybeans,2
shrimp,sodium-metabisulfite-preservative,2
skim-milk,sweet-cream-buttermilk,2
sodium-aluminum-sulfate,wheat-starch,2
sodium-bicarbonate,soy-protein-concentrate-soy-flour,2
sodium-phosphate,soybean-oil,2
sorbitol,white-vinegar,2
soy-lecithin-an-emulsifier,vanilla,2
soy-protein,tomato,2
soybean-oil,stevia-leaf-extract,2
soybean-oil,swiss,2
soybean-oil,wheat-flour-dextrose-yeast-salt,2
spices,topping,2
sugar,yogurt-raisins,2
sunflower,yeast,2
sweet-potato,tapioca-starch,2
sweetener,thiamin-mononitrate,2
thiamin-mononitrate,yeast-nutrients,2
thickener,vegetable-oil,2
vegetable-oil,wheat-flour-wheat-flour,2
vitamin-b,vitamin-b,2
onion,flavors,1
onion,process-cheddar-cheese-product,1
onion,xanthan-gum,1
high-gluten-flour,wheat-flour,1
cookie-base,folic-acid,1
,colour,1
,polyglycerol-esters-of-fatty-acids,1
nonfat-milk,salt,1
salt,buttermilk,1
calcium-propionate,riboflavin,1
calcium-propionate,thiamine-mononitrate,1
salt,niacin,1
,magnesium-carbonate,1
acacia-gum,corn-starch,1
acacia-gum,dutch-cocoa-powder,1
acerola-cherry,tocopherols-ascorbic-acid,1
acetic-ac,thiamine-mononitrate,1
acetic-acid,white-roll,1
acidity-regulator,chilli-pepper,1
acidity-regulator-citric-acid,wheat-flour,1
acidity-regulators,sugar,1
agar-agar,gluten-free-oats,1
agar-agar,soybeans,1
agaragar,sodium-acid-pyrophosphate,1
agaragar,the-following-cinnamon,1
agave,cane-sugar,1
aged-cayenne-pepper-sauce,cayenne-pepper,1
aged-ceyenne-peppers,beer,1
aji-peppers,baking-powder,1
al-pastor-sauce-water,sodium-bicarbonate,1
alaska-polilock,avocado,1
alcohol,heavy-cream,1
alcohol,sesame-seed-oil,1
alfredo-sauce,black-pepper,1
alfredo-sauce,garlic,1
alkalized-cocoa,chicory-root-fiber,1
alkalized-cocoa,coconut-oil,1
alkalized-cocoa,wheat-flour,1
allulose,milk-protein-concentrate,1
almond-butter,phytonadione,1
almond-milk,guar-gum,1
almonds,artificial-color-blue,1
almonds,european-salad-mix,1
almonds,honey-roasted-barbecue-peanuts,1
almonds,marshmallows,1
alum,dill,1
alum,sweet-pickle-relish,1
amaranth,onions,1
ammonium,brown-sugar,1
ammonium-bicarbonate,contains-permitted-flavour-flavouring,1
ammonium-bicarbonate,raising-agent-sodium-bicarbonate,1
ammonium-bicarbonate,sodium-acid-pyrophosphate,1
ammonium-bicarbonate,yellow-lake,1
ammonium-bicarbonate,cellulose-gel,1
ammonium-sulfate,potato-flakes,1
amylase,orange-pulp-cells,1
an-emulsifier,dextrose,1
an-emulsifier,dicalcium-phosphate,1
ancho-chile,pinto-beans,1
ancho-chili-pepper,garlic-powder,1
aniseed,citric-acid,1
annato,green-onions,1
annatto-color,calcium-pantothenate,1
annatto-color,chicken-breast-rib-meat,1
annatto-coloring,dough-conditioner,1
annatto-extract,concentrated-grape-must,1
annatto-extract,palm-oil-preservative,1
annatto-turmeric,cream-cheese,1
annatto-color,cheese-dip-sauce,1
anthocyanins,cochineal,1
anticaking-agent,beef-fat,1
antioxidant,sodium-diacetate,1
antimicrobial-additive-maltodextrin,red-bell-peppers,1
antioxidant,carmine,1
antioxidant,tomato-concentrate,1
antioxidant,wheat-starch,1
antioxidant,zinc-oxide,1
antioxidants,dough-conditioners,1
antioxidants,niacin,1
antioxidants,wheat-starch,1
antioxidants-ascorbyl-palmitate,cellulose-gum,1
antioxidants-ascorbyl-palmitate,lactic-acid,1
aonori-seaweed-powder,ribotide,1
apple-cider-vinegar,pea-protein,1
apple-cider-vinegar,seitan,1
apple-fiber,sesame-seeds,1
apple-fiber,whey-crisps,1
apple-fruit-powder-apple-juice-concentrate-puree,sea-salt,1
apple-fruit-powder-apple-juice-concentrate-puree,spices,1
apple-juice-concentrate,black-pepper,1
apple-juice-concentrate,canola-oil,1
apple-juice-concentrate,carrot,1
apple-juice-concentrate,sodium-benzoate-potassium-sorbate-chicken-broth,1
apple-juice-concentrate,water-tamari-soy-sauce-water,1
apple-juice-concentrate,wheat-grass,1
apple-puree,red-beets,1
apples,bacon,1
artificail-flavor,salt,1
artificial-banana-flavor,raisins,1
artificial-butter-flavor,salt-each-of-the-following-enzymes,1
artificial-color,turkey-breast,1
artificial-color,turkey-broth,1
artificial-color-blue,peanuts,1
artificial-color-red,folic-acid,1
artificial-color-red,lecithin,1
artificial-color-red-lake,lecithin,1
artificial-color,vitamin-b,1
artificial-color-fd-c-yellow,pears,1
artificial-color-yellow,polyglycerol-esters-of-fatty-acids,1
artificial-colors,cream-of-tartar,1
artificial-colors,fd-c-yellow,1
artificial-colors,modified-food-starch,1
artificial-crab-flavor,potassium-sorbate-sodium-benzoate,1
artificial-crab-flavors,distilled-vinegar,1
artificial-flavor,biscuit-wheat-flour,1
artificial-flavor,calcium-dihydrogen-phosphate,1
artificial-flavor,cheese-sauce-mix,1
artificial-flavor,wheat-starch-high-fructose-corn-syrup,1
artificial-flavor-water,palm-oil-rbd,1
artificial-flavorings,glucose,1
artificial-flavors,dglucuronolactone,1
artificial-flavors,less-than-chocolate,1
artificial-flavors,mononitrate,1
artificial-flavours,calcium-pantothenate,1
artificial-flavours,vitamin-b,1
artificial-lemon-flavor,vitamin-c,1
artificial-vanilla-flavoring,sodium-benzoate-potassium-sorbate,1
ascorbic-acid,barley-grass,1
ascorbic-acid,benzoyl-peroxide,1
ascorbic-acid,cashews,1
ascorbic-acid,croissant-dough,1
ascorbic-acid,grain-oats,1
ascorbic-acid,oleoresin-of-paprika,1
ascorbic-acid,provides-body,1
ascorbic-acid,sodlum-stearoyl-lactylato,1
ascorbic-acid,soybean-oil-salt,1
ascorbic-acid-vitamin-c,phosphoric-acid,1
ascorbic-acid-citric-acid-antioxidant,soybean-oil,1
ascorbic-acid-dough-conditioner,sodium-phosphate-browned-in-vegetable-oil,1
ascorbic-acid-enzymes,cultured-wheat-flour,1
ascorbic-acid-vitamin-c,monoglycerides,1
ascorbicacid,vitalwheat-gluten,1
ascorbicacid-dough-conditioner,cranberry-pecan-pullman-bread,1
ascorbicacid-dough-conditioner,mustard-seed,1
ascorbnic-acid,baking-soda,1
autolyzed-yeast-extract,canola-corn-oil,1
autolyzed-yeast-extract,low-moisture-mozzarella-cheese-milk,1
autolyzed-yeast-extract,tofu,1
avocado-oil,cumin,1
azodicarbonamide,distilled-cider-vinegar,1
azodicarbonamide,yeast-nutrients,1
b,h,1
bacon,bacon-seasoning,1
bacon,pectin,1
bacon-cured-water,bun,1
bacon-cured-pork,flavors,1
bacon-fat,soy-lecithin,1
bacon-flavor,egg-yolk,1
bacon-type-flavor-smoke-flavor,blue-lake,1
bacon-cured-water,sodium-bicarbonate,1
bacterial-culture,paprika-extract,1
bacterial-cultures,cornstarch,1
baking-powder,onion-tortilla-malted-wheat-flour,1
baking-powder,purified-water-lard,1
baking-powder,tomato-powder,1
baking-powder-baking-soda-salt,vitamin,1
baking-powder-chives,carob-bean-gum,1
baking-soda,calcium-pantothenate,1
baking-soda,chicory-fiber,1
baking-soda,sodium-sulfite,1
baking-soda,vegetable-fiber,1
balsamic-vinegar,to-protect-quality,1
bamboo-strips,red-pepper,1
banana-chips,yogurt-powder-cultured-whey-nonfat-milk,1
banana-pieces-banana,gelatin,1
barbacoa-beef-beef,beans,1
barley,lemon-juice-concentrate,1
barley,sodium-searoyl-lactylaie,1
barley-malt-extract,psyllium-seed-husks,1
barley-malt-syrup,raspberry,1
barley-sustagrain,cultures,1
barn-egg-yolk,emulsifier-mono-diglycerides-of-fatty-acids-whey-powder,1
basil,dressing,1
basil,ferrous-gluconate,1
basil,nongmo-expeller-pressed-safflower-oil,1
basil,oil-blend,1
basil-pesto,parmesan-cheese,1
basil-pesto,topping,1
batter,chicken-breast,1
bay,mustard,1
bay,rosemary,1
bay-leaves,pickled-red-onions,1
bay-leaves,cocoa-powder,1
bbq-sauce,cellulose,1
bbq-sauce,wheat-gluten,1
bean-sauce,stabilizer-xanthan-gum,1
beans,serrano-chile,1
beef,xanthan-gum-beef-extract,1
beef-dip-sauce,carrageenan,1
beef-dip-sauce,sodium-citrate,1
beef-fat,tomato-powder,1
beef-filling,lcysteine,1
beef-flavor,ketchup-tomato-concentrate,1
beef-flavor-contains-beef-extract,salisbury-steak-patty,1
beef-pork,soy-protein-concentrate,1
beets,canola-olive-oils,1
bell-peppers,calcium-sulfate,1
bell-peppers,salsa,1
bell-peppers,vegan-mozzarellastyle-cheeze,1
beta-carotene,disodium-guanylate,1
beta-carotene-color,sodium-benzoate-preservative,1
beta-carotene-color,soybean-oil,1
betacarotene,sugar-glucosefructose,1
betacarotene-color,cherry-puree,1
bha,may-also-contain-tricalcium-phosphate,1
bht,citric-acid-pretzels,1
bht,oregano,1
bht,vitamin-b-vitamin-d,1
bht,sodium-benzoate-preservative,1
bicarbonate-of-soda,sodium-bicarbonate,1
bicarbonate-soda,vanilla-bean-extract,1
bifidus,locust-bean-gum,1
biscoff-cookies,palm-oill,1
biscuit-wheat-flour,cornstarch,1
black-beans,broccoli,1
black-beans,guajillo-peppers,1
black-beans,pico-de-gallo,1
black-pepper,calcium-disodium,1
black-pepper,dehydrated-celery,1
black-pepper,less-than-dehydrated-onion,1
black-pepper,modified-whey,1
black-pepper,nongmo-oil-blend-sunflower-oil-extra-virgin-olive-oil,1
black-pepper,reduced-water,1
black-pepper,sodium-aluminum-phosphate,1
black-pepper,vitamin-d,1
black-pepper,fructose,1
black-pepper,rubbed-water,1
black-pepper,soy-lecithin,1
black-pepper,tomato-powder,1
black-tea,folic-acid,1
black-tea-leaves,caramel-color,1
blackberries,strawberries,1
blackberry-juice-from-concentrate,monk-fruit-juice-concentrate,1
blackstrap-molasses,thiamine-mononitrate,1
blended-oil,red-bell-pepper,1
blue,thiamin-mononitrate,1
blue,corn-masa-flour,1
blue,nonfat-dry-milk-solids,1
blue-lake,leavening-yeast,1
blue-lake,malted-barley-flour,1
blue,sodium-lactate,1
blue-lake,blueberry-flavored-bits,1
blue-lake,dough-conditioners,1
blue,semisweet-chocolate-chips,1
blue,unsweetened-chocolate,1
blue-cheese-milk,cheddar-cheese,1
blueberry,orange,1
blueberry-puree,carrot,1
blueberry-puree,maca-root,1
blueberry-puree,pectin,1
boysenberry-puree,reduced-iron,1
bread-improver,seasoning-yeast-extract,1
bread-improver-mix,preservative,1
breadcrumbs-wheat-flour,tartaric-acid,1
breader,water,1
breakfast-burrito-mix-scrambled-eggs,wheat-flour,1
breakfast-potatoes-diced-potatoes,jalapeno-peppers,1
broccoli,half-half,1
broccoli,rice,1
brown-flax-seed,sea-salt,1
brown-rice,contains-up-to-solution-of-water,1
brown-rice,pico-de-gallo,1
brown-rice,seitan,1
brown-rice-crisp,soy-fiber,1
brown-rice-flour,palm-shortening,1
brown-rice-flour,red-palm-oil,1
brown-rice-flour,red-quinoa-seeds,1
brown-rice-syrup,soy-flour,1
brown-rice-syrup,yeast-extract,1
brown-sugar,nut,1
brown-sugar,yeast-extract-thiamin,1
brown-sugar-syrup,malted-barley-syrup-vitamins-minerals-potassium-chloride,1
browned-caramel-color,cultured-celery-juice,1
brownie-dough,corn-starch,1
bs-sauce-worchestershire,in-hot-sauces,1
burgundy-wine,soybeans,1
burrito-bowl-cilantro-lime-rice,chipotle-paste,1
butter,calcium-acid-phosphate,1
butter,cellulose-gel,1
butter,concentrated-apple-juice,1
butter,liquid-soybean-oil,1
butter,low-moisture-mozzarella-cheese,1
butter,onion-juice-concentrate,1
butter,rennet,1
butter,wheat-flour-malted-barley-flour,1
butter,worcestershire-sauce-concentrate,1
butter-cream,white-cheddar-cheese,1
butter-flavor-whey-solids,chicken-breast,1
butter-flavor-maltodextrin,rennet-casein,1
butter-flavor-mono-diglycerides-emulsifiers-salt,niacin,1
butter-oil,process-cheddar-cheese-product,1
butter-oil,thiamin-mononitrate,1
buttermilk,oil,1
buttermilk,stabilizer,1
buttermilk,tbhq,1
buttermilk-biscuit-flour,partially-hydrogenated-soybean-oil,1
buttermilk-biscuit-flour,soy-lecithin,1
buttermilk-biscuit-water,preservative,1
buttermilk,sugar-frosted-almonds,1
cabbage,enzymes,1
cabbage,iron,1
cabbage,sodium-bicarbonate,1
caffeine,vitamin-b,1
cagefree-egg-yolks,nongmo-com-starch,1
cake-mix-flour,polysorbate,1
calcium-acetate,calcium-chloride,1
calcium-carbonate,turkey-broth,1
calcium-caseinate,cultured-nonfat-milk,1
calcium-chloride,iron,1
calcium-chloride,wheat-flour-wheat-flour,1
calcium-dpantothenate,ferric-orthophosphate,1
calcium-disodium,mozzarella-cheese-partskim-milk,1
calcium-disodium-edta-to-protect-flavor,pork-cured-water,1
calcium-disodium-edta-to-protect-flavor,red-onion,1
calcium-disodium-edta-to-protect-flavor,sorbitol,1
calcium-lactate,parmesan-cheese,1
calcium-lactate-pentahydrate,monopotassium-phosphate,1
calcium-phosphate-baking-soda,salt,1
calcium-propionate,coated-dextrose,1
calcium-propionate,ingredients-beef-patty-beef,1
calcium-propionate,raisins,1
calcium-propionate,wheat-flour-each-of-the-following-soybean-oil,1
calcium-propionate-preservative,reduced-iron,1
calcium-propionate-sauce-water,saccharomyces-cerevisiae,1
calcium-stearoyl-lactylate,sodium-acid-pyrophosphate,1
calcium-stearoyllactylate,calcium-sulfate,1
calcium-sulfate,flavoring-rubbed-salt,1
calcium-sulphate,sodium-citrate,1
calt-enzymes,cream-cheese,1
candy-coated-chocolate-buttons,sea-salt,1
cane-sugar,milk-fat,1
cane-sugar,red-peppers,1
cane-sugar,sassafras,1
cane-sugar,vitamin-d,1
cane-sugar-pectin,smoke-flavoring,1
cane-syrup,jalapeno-chile,1
canola,contains-two-percent-less-of-leavening,1
canola-corn-oil,sodium-metabisulfite,1
canola-oil,feta-cheese,1
canola-oil,onion-garlic-powder,1
canola-oil,raspberry,1
canola-oil,seasonings,1
canola-oil,tartic-acid,1
canola-oil-peanut-oil-cottonseed-oil,sodium-bicarbonate-ammonium-bicarbonate,1
canola-olive-oil,filtered-water,1
canola-soy,yeast-nutrient,1
canola-soybean,sausage,1
caramel,pimento,1
caramel-color,celery-juice-powder,1
caramel-color,corn-wheat-protein,1
caramel-color,dairy-whey,1
caramel-color,fd-c-yellow,1
caramel-color,from-pineapple,1
caramel-color,green-onion,1
caramel-color,hot-peppers,1
caramel-color,oat-flours,1
caramel-color,pimento,1
caramel-color-sage-mushroom-gravy-ingredients-water,corn-syrup,1
caramel-color-contains-sulfites,turmeric,1
caramel-color,vanilla-extract-vanilla-beans,1
caramel-powder,spices,1
caramelized-sugar,disodium-inosinate-disodium-guanylate,1
carboxymethylcellulose-gum,the-following-calcium-stearate,1
carob-bean-gum,margarine,1
carob-bean-gum,peanut-oil,1
carob-gum,water,1
carrageenan,cheddar-cheese-milk,1
carrageenan,palm,1
carrageenan,vegetable-oil-shortening,1
carrageenan,wheat-flour-flour,1
carrot,sea,1
carrot-juice-concentrate,vitamin-b,1
carrot-powder,disodium-phosphate,1
carrots,cooked-red-beans,1
carrots,edamame,1
carrots,egg-white,1
carrots,pineapple-concentrate,1
carrots,soy-sauce-powder,1
carrots,vegetable-fruit-juice-color,1
carrots,vegetable-stock,1
cashews,grain-rolled-oats,1
cassava-root-fiber,marshmallow-root,1
cayenne-pepper,nutmeg,1
celery,chili-powder,1
celery,salt-sodium-diacetate,1
celery,soy-cheezemozzarella-type,1
celery-powder,raisins,1
celery-salt-salt,potassium-sorbate,1
celery-seed,kale,1
celery-seed,roasted-garlic,1
celery-seed,spices-paprika,1
celery,modified-corn-starch,1
cellulose,ferrous-gluconate,1
cellulose,ranch-dressing,1
cellulose-fiber,modified-wheat-starch,1
cellulose-fiber,raisin-juice,1
cellulose-gum,folic-ado,1
cellulose-to-prevent-caking,lemon-juice-concentrate,1
cereal,mononitrate-riboflavin,1
cereal,pyridoxine-hydrochloride,1
certified-food-color-fd-c-red,safflower,1
certified-glutenfree-oat-flour,nongmo-corn-starch,1
chablis,whey,1
cheddar-cheese,dry-milk,1
cheddar-cheese,provolone-cheese-not-smoked,1
cheddar-cheese-milk,sour-cream-cultured-cream,1
cheddar-cheese-milk,vitamin-b,1
cheddar-cheese-milk,garlic,1
cheddar-cheese,soybean,1
cheddar-cheese-milk,flavor,1
cheddar-cheese-milk,peppers,1
cheese-blend,soybean-oil,1
cheese-blend,honey,1
cheese-culture,poppy-seed,1
cheese-cultures,flavorings,1
cheese-cultures,green-chilies,1
cheese-cultures,guajillo-peppers,1
cheese-cultures,semolina-wheat,1
cheese-cultures,whipped-cream-cheese-spread,1
cheese-cultures,white-wine-vinegar,1
cheese-dip-sauce,sour-cream-cultured-cream,1
cheese-powder-whey,sodium-benzoate,1
cheese-sauce,juice,1
cheese-milk-mozzarella-cheese,garlic,1
cherries,montmorency-cherries,1
cherries,shiitake-mushrooms,1
cherry-flavored-filling,polyglycerol-esters-of-fatty-acids,1
chicken,diced-jalapenos,1
chicken,jalapeno-pepper,1
chicken-base,chicken-fat,1
chicken-base,distilled-white-vinegar,1
chicken-base,pork,1
chicken-base,tortilla-wheat-flour,1
chicken-breast-meat-rib-meat-water,cultured-sugar-vinegar-potato-starch,1
chicken-breast-rib-meat,chicken-broth,1
chicken-broth,corn-cooked-lime-water,1
chicken-fat,fd-c-red,1
chicken-meat,riboflavin,1
chicken-salad,garlic-powder,1
chicken-stock,food-starchmodified,1
chicken-stock,rice-flour,1
chicken-white-meat,silicon-dioxide,1
chickpeas,filtered-water,1
chicory-extract,mangenese-gluconate,1
chicory-root-extract,peanut-flour,1
chicory-root-fiber,nonfat-dry-milk-solids,1
chile-peppers,citric-acid,1
chili,salt-other-spices,1
chili-paste,garlic,1
chili-pepper,degerminated-yellow-corn-meal,1
chili-pepper,parmesan-cheese-cultured-milk,1
chili-pepper-other-spices,firming-agent,1
chili-peppers,dehydrated-corriander,1
chilies,diced-tomatoes,1
chinese-style-cured-bbq-pork,iron,1
chipotle-flavor-pepper-blend-red-jalapeno,pumpernickel-flour,1
chipotle-flavor-pepper-blend-red-jalapeno,sodium-erythorbate,1
chipotle-pepper,sodium-metabisulfite,1
chipotle-pepper,cooked-red-rice,1
chlorela,tocopherols-ascorbic-acid,1
chloride,mono-diglycerides,1
chocolate,rolled-oats,1
chocolate,sea-salt,1
chocolate-chips,vinegar,1
chocolate-chips,vitamin-d,1
chocolate-flavored-crunch,corn-flour,1
chocolate-liquor,soy-lecithinan-emulsifier,1
chocolate-liquor-processed-alkali,polysorbate,1
chocolate-wafer-cookies,skim-milk,1
chorizo-seasoning,soy-grits,1
chorizo-topping-pork,guajillo-peppers,1
chromium-picolinate,dbiotin,1
cider-vinegar,cloves,1
cider-vinegar,each-of-the-following-citric-acid-salt,1
cider-vinegar,eggyolks,1
cider-vinegar,maltodextrin,1
cilantro,cultured-wheat-starch,1
cilantro,vinegar-lemon-juice,1
cilantro,jalapeno-chile,1
cinnamon,rspo-certified-sustainable,1
cinnamon-popcorn,nonfat-dry-milk,1
citric-acid,ham-water,1
citric-acid,herbs-spices,1
citric-acid,leaves,1
citric-acid,nongmo-bakers-yeast-extract-sea-salt,1
citric-acid,parsley-xanthan-gum,1
citric-acid,protease,1
citric-acid,purple-carrot-juice-concentrate,1
citric-acid,sali,1
citric-acid,squash,1
citric-acid,white-onion,1
citric-acid,ferrous-sulfate,1
citric-acid,xanthan-gum,1
citric-acid-may-also-spices,sodium-nitrite,1
citric-acid-toppings-sauce,enzymes,1
citric-acid-toppings-sauce,spices-flavorings,1
citric-acid,green-bell-pepper,1
citric-acid,white-vinegar,1
citricacid,enzyme,1
citrus-extract,disodium-edta-color,1
citrus-pectin,sugar,1
clam-juice-concentrate,water,1
coating,inulin,1
cocoa,colors,1
cocoa,honey,1
cocoa,vitamin-b,1
cocoa-processed-alkali,granulated-sugar,1
cocoa-processed-alkali,potassium-sorbate,1
cocoa-butter,corn-maltodextrin,1
cocoa-butter,soy-bean-oil,1
cocoa-powder,filling-cocoa-sugar,1
cocoa-powder,rosemary-oil,1
cocoa-powder,white-chocolate-pearls-cocoa-butter,1
cocoa-processed-alkali,soya,1
coconut,flour-wheat-flour,1
coconut-cream-oil,creme-cookies,1
coconut-cream-oil,raspberries,1
coconut-flour,steviol-glycosides,1
coconut-lime-dressing,flour-wheat-flour,1
coconut-milk-coconut-extract,flour-tortilla,1
coconut-oil,shellac,1
coconut-oil,yogurt-powder-milk-powder,1
coconut-sugar,seaweed,1
coffee,color,1
coffee,lcarnitine-ltartrate,1
coffee,riboflavin,1
cold-milled-flax-seed-meal,sea-salt,1
color,cyanocobalamin-monster-energy-blend-taurine,1
color,inulin,1
color,shortening-palm-oil,1
color,sodium-propionate-citric-acid-potassium-sorbate,1
color,tartaric-acid,1
color-turmeric-oleoresin,niacin,1
coloring-includes-red,gum-acacia,1
colors,soy-lecithin-bacon-pork,1
complete-protein-matrix,dlalphatocopheryl-acetate,1
conatins-flavor,skim-milk,1
concentrated-butter,ginger,1
concentrated-grape-must,spice,1
concentrated-lemon-juice,spices,1
concentrated-lime-juice,tomato-juice,1
concentrated-orange-juice,orange-puree,1
concentrated-tangerine-juice,flour-wheat-flour,1
condensed-skim-milk,milk,1
confectioners-glaze-carnauba-wax,yellow,1
contains-percent-less-of-each-of-the-following-salt,ferrous-sulfate,1
contains-canola-oil,flavor,1
contains-celery,horseradish,1
contains-glucose-syrup,spices,1
contains-milk,sodium-diacetate,1
contains-milk,sunflower,1
contains-one-more-of-the-following-sodium-stearoyl-lactylate,ethoxylated-mono-diglycerides,1
contains-permitted-flavour-flavouring,raising-agent,1
contains-smoke-flavor,dehydrated-vegetables,1
contains-tocopherol-antioxidant,malt-extract,1
contains-two-percent-less-of-leavening,vegetable-oil,1
contains-wheat-flour,spice,1
convectioners-glaze,soybean-oil,1
cooked-grain-pasta,sorghum,1
cooked-black-beans,dehydrated-roasted-garlic,1
cooked-black-beans,spinach-powder,1
cooked-brown-rice-brown-rice,sugar,1
cooked-brown-rice-brown-rice,yeast,1
cooked-chicken,garlic,1
cooked-chicken,vegenaise,1
cooked-dark-red-kidney-beans,sugar,1
cooked-dark-red-kidney-beans,tomato-paste,1
cooked-ham-water,modified-corn-starch,1
cooked-hot-ham-capicola-water-coated-dextrose,sodium-aluminum-phosphate,1
cooked-in-vegetable-oil,maltodextrin,1
cooked-in-vegetable-oil,sweet-potato,1
cooked-pasta-udon-noodle,potassium-bromate,1
cooked-pinto-beans,dextrose,1
cooked-red-quinoa-water,guar-gum,1
cooked-rice,pickled-ginger,1
cooked-seasoned-chicken-breast-rib-meat-chicken-breast-rib-meat,high-fructose-corn-syrup,1
cooked-white-chicken-meat,durum-wheat-flour,1
cookie-pieces,peanut-oil,1
cookies-contain-sugar,niacin,1
coriander-powder,wheat,1
coriander,wheat,1
corn,green-chili-peppers,1
corn,polydextrose,1
corn,vegetable-fat,1
corn-flour,milk-protein,1
corn-flour,vitamin-c,1
corn-grits,disodium-diphosphate,1
corn-oil,lime-leaves,1
corn-oil,skim-milk,1
corn-oil,textured-soy-flour,1
corn-starch,extract-of-malted-barley-corn-grits,1
corn-starch,frozen,1
corn-starch,less-than-flavors,1
corn-starch,microbial-enzymes,1
corn-starch,soy-sauce-silicon-dioxide,1
corn-starch,vinegar-powder,1
corn-starch-monocalcium-phosphate,sodium-acid-pyrophosphate,1
corn-syrup,flavoring-salt,1
corn-syrup,flavour,1
corn-syrup,high-oleic-canola-oil-soybean-oil,1
corn-syrup,pork-water,1
corn-syrup,vegetable-oil-may-contain-one-more-of-the-following-canola,1
corn-syrup-solids,ketchup-tomato-concentrate,1
corn-syrup-solids,the-following-salt,1
cornmeal-preservatives,potassium-sorbate,1
cornmeal-preservatives,salt,1
cornstarch,couscous,1
cornstarch,pecorino-cheese,1
cornstarch,salt-pork-patty-crumbles-pork-sausage,1
cottonseed-canola,dextrose,1
cottonseed-fiber,sorbic-acid,1
cottonseed,hickory-smoke-flavor-canola-oil-silicon-dioxide,1
cottonseed,partially-hydrogenated-vegetable-oil-soybean,1
cows-milk,leavening,1
cows-milk,modified-corn-starch,1
cows-milk,poppy-seeds,1
crab-extract,monosodium-glutamate,1
crab-extract,no-more-than-each-of-seasoning-sugar,1
crab-flakes-surimi,thiamine-mononitrate,1
cracked-rye,gluten,1
cranberries,highgluten-flour-wheat-flour,1
cranberries-sugar,palm-kernel-oil-palm-oil,1
cranberry-nut-trail-mix,distilled-monoglycerides,1
cranberry-nut-trail-mix,sodium-bicarbonate-ammonium-bicarbonate,1
cranberry-pecan-pullman-bread,thiamine-mononitrate,1
cream,cultured-nonfat-milk-solids,1
cream,dates,1
cream,guajillo-chili,1
cream,inulin,1
cream,meatless-grounds,1
cream,spinach,1
cream,tara-gum,1
cream-cheese,potatoes,1
cream-cheese-milk,flavoring,1
cream-cheese-frosting-flakes,flavors,1
cream-milk,cream-of-chicken,1
cream-milk,vitamin-c-sodium-ascorbate,1
cream-modified-food-starch,durum-wheat-flour,1
cream-modified-food-starch,water,1
cream-of-tartar,tapioca,1
creamer-gum,hydrolyzed-soy-protein,1
creme-coating,nonfat-milk,1
crisp-rice,oat-flour,1
crispy-thin-noodles,lime-juice-concentrate,1
croissant-dough,freshness,1
croissant-flour-wheat-flour,vinegar,1
croissant-flour,malted-barley-flour,1
crushed-red-chilies,wheat-flour,1
crushed-tomato-concentrate,spice,1
crushed-tomatoes-water,scallions,1
crust-wheat-flour,folic-acid,1
crust-wheat-flour,dehydrated-onion,1
cucumber,dextrose,1
cucumbers,distilled-vinegar-mustard-seed,1
cultured-dextrose,nisin-preparation,1
cultured-lowfat-buttermilk-cultured-lowfat-milk,milk-powder,1
cultured-milk,monoglycerides-diglycerides,1
cultured-milk,pumpernickel-flour,1
cultured-milk,salt-sodium-phosphates,1
cultured-milk,sweetener,1
cultured-milk-cream,spice-extractive,1
cultured-milk-part-skim-milk,provel-cheese-cheddar,1
cultured-milk-salt,tomatoes,1
cultured-nonfat-milk,egg,1
cultured-nonfat-milk,spices,1
cultured-nonfat-milk-solids,spices,1
cultured-sour-cream-cultured-cream-whey,niacinamide,1
cultured-wheat-flour,eggs-eggs,1
cultured-wheat-flour,fructose,1
cultured-wheat-flour,konjac-xanthan-gums,1
cultured-wheat-flour-vinegar,spinach-powder,1
cultured-wheat-starch,guar-gum,1
cultured-wheat-starch,hydrolyzed-soy-protein,1
cultures,oats,1
cultures,potassium-sorbate-sodium-benzoate,1
cultures,vitamin-c-sodium-ascorbate,1
cumin,trace-of-lime,1
cumin,vine-tomatoes,1
cured-water,tocopherols-vitamin-e,1
cured-water,vitamin-palmitate,1
curry-powder,reduced-iron,1
cyanocobalamin,elderberry-extract-concentrate,1
cyanocobalamin,pgpr,1
cyanocobalamin-monster-energy-blend-taurine,vit-b,1
dglucuronolactone,vitb,1
dark-chocolate-soybeans,tack-blend-maltodextrin,1
date,pineapple,1
dates,vegan-chocolate,1
degermed-yellow-corn-meal,sodium-bicarbonate,1
degerminated-yellow-corn-flour,monocalcium-phosphate,1
degerminated-yellow-corn-meal,flavorings,1
dehydrated-apple-powder,niacin,1
dehydrated-butter,soybean-oil,1
dehydrated-cheddar-cheese,dextrose,1
dehydrated-chicken-broth,soy-lecithin-soluble-turmeric,1
dehydrated-chili,less-than-tricalcium-phosphate-anticaking-agent,1
dehydrated-garlic,silicon-dioxide-anticaking,1
dehydrated-garlic,spice-extracts,1
dehydrated-onion,smoked-paprika,1
dehydrated-onion-garlic,riboflavin,1
dehydrated-parsley,romaine-lettuce,1
dehydrated-parsley,garlic-xanthan-gum,1
dehydrated-potato-flakes,rosemary-extract,1
dehydrated-potatoes,enzymes,1
dehydrated-roasted-garlic,sugar,1
dehydrated-thyme,smoked-paprika,1
dehydrated-toasted-onion,flax-seed-powder,1
dehydrated-toasted-onion,salt,1
dehydrated-toasted-onion,thiamin-mononitrate,1
dehydrated-vinegar,white-wine,1
dextrin,monocalcium-phosphate,1
dextrin,ohyeah-blend-consisting-of-whey-protein-isolate,1
dextrin,salt,1
dextrose,l-acidophilus-l-casei,1
dextrose,mono-diesters-of-fatty-acids,1
dextrose,orange,1
dextrose,peanut,1
dextrose,thiamine-hydrochloride,1
dextrose,wheatflour,1
dextrose,nonfat-milk,1
di-sodium-di-phosphate,skimmed-cocoa-powder,1
dialphatocopheryl-acetate,sodium-nitrite,1
diacetyl-tartaric-acid-esters-of-monodiglycerides,vegetable-shortening,1
dicalcium-phosphate,oat-flours,1
dicalcium-phosphates,riboflavin,1
diced-chicken-boneless-skinless-chicken-breast,ferrous-sulfate,1
diced-jalapeno,water,1
diced-mangos,flavor,1
diced-mangos,passion-fruit-juice,1
diced-papaya,riboflavin,1
diced-pineapple,yellow,1
diced-tomatoes,wheat,1
diced-tomatoes-in-juice,enzymes,1
dijon-mustard-powder-dijon-mustard-distilled-vinegar,orange-juice-solids,1
dijon-mustard-powder-dijon-mustard-distilled-vinegar,spices,1
dijon-mustard-powder-dijon-mustard-distilled-vinegar,tartaric-acid,1
dill-spices,paprika,1
disodium-dihydrogen-pyrophosphate-to-maintain-color,dough-conditioner,1
disodium-guanylate,lcysteine,1
disodium-guanylate,red-bell-peppers,1
disodium-inosinate,propylene-glycol,1
disodium-inosinate-disodium-guanylate,fd-c-yellow-lake,1
disodium-inosinate-disodium-guanylate,soy-sauce,1
disodium-pyrophoshate-to-maintain-color,shredded-potatoes,1
distilled-vinegar,each-salt,1
distilled-vinegar,food-starchmodified,1
distilled-vinegar,iimitation-crab-flake,1
distilled-vinegar,pasta-product-calcium-vitamin-d,1
distilled-vinegar,pink-keta-salmon,1
distilled-white-vinegar,lactic-acid,1
dough-conditioner,green-chile-peppers,1
dough-conditioner,honey,1
dough-conditioner,poppy-seeds,1
dough-conditioners,palm-corn-oil,1
dough-conditioners-calcium-sulfate,niacin,1
dough-softener,mixed-spice-cinnamon,1
dough-flour,malted-barley-flour,1
durum-flour,potassium-sorbate,1
durum-flour,soybean-oil,1
durum-wheat-semolina,maltodextrin,1
durum-wheat-semolina-filling-burrata-mozzarella,ricotta-cheese,1
e,modified-food-starch,1
e,mono-diglycerides,1
e,emulsifier,1
each-of-the-following-barley-flakes,vital-wheat-gluten,1
each-of-the-following-golden-flaxseed,wheat-gluten,1
each-of-the-following-hulled-sesame-seeds,folic-acid,1
each-of-the-following-salt,sodium-phosphates,1
each-of-the-following-sea-salt,sunflower-lecithin,1
each-of-the-following-soybean-oil,sodium-metabisulfite,1
each-of-the-following-wheat-gluten,enzymes,1
edta-calcium-disodium,fructose,1
edta-calcium-disodium,mustard,1
edtacalcium-disodium,salt,1
egg,glucose,1
egg,vegetable-fiber,1
egg-noodles,vitamin-b,1
egg-salt,soybean-oil,1
egg-shade,wheat-flour,1
egg-white,tomato-juice,1
egg-white-powder,speculoos-spread,1
egg-whites,eggs-egg-yolks,1
egg-whites,locust-bean-gum,1
egg-whites,may-include-spinach,1
egg-yolks,semolina-wheat,1
eggs,lemon-scampi-butter-sauce,1
eggs,process-cheddar-cheese,1
eggs,sodium-steroyl-lactylate,1
eggs,thiamin-mononitratevitamin-b,1
eggs,white-pepper,1
eggs-eggs,yellow-prussiate-of-soda-anticaking,1
eggs-each-of-the-following-molasses,iron,1
eggs-skimmed-milk,margarine,1
elderberry-juice-concentrate,grain-rolled-wheat,1
elemental-iron,oat-flakes,1
emulsifier,palm-kernel-oil,1
emulsifiers,humectant,1
emulsifiers,polyglycerol-esters-of-fatty-acids,1
emulsifiers,sodium-bicarbonate-ammonium-bicarbonate,1
enrichment-blend-magnesium-oxide,green-peppers,1
enzyme,milk-chocolate-chips,1
enzyme,parmesan-cheese-cultured-partskim-milk,1
enzyme-modified-butter-butter-cream,leavening,1
enzyme,mozzarella-cheese,1
enzymes,filling-water,1
enzymes,orange-juice-powder,1
enzymes,partially-hydrogenated-vegetable-oil-soybean,1
enzymes,red-pepper,1
enzymes,smoked-gouda-cheese-milk,1
enzymes-microcrystalline-cellulose,wheat-starch,1
enzymes-contains-wheat,slider-bun,1
enzymes,lcysteine,1
ergocalciferol,vinegar-calcium-propionate-datem,1
erythritol,rice-flour,1
esters-of-mono-diglycerides,iron-reduced,1
ethylvanillin,wheat-flour,1
european-salad-mix,wheatberries,1
evaporated-cane-sugar,stabilizer-xanthan-gum,1
evaporated-cane-sugar,vegetables-onion,1
except-prunes,preserved-potassium-sorbate,1
expeller-pressed-canola-oil,vanilla,1
expeller-pressed-nongmo-canola-oil,soy-flour,1
extractives,silicon-dioxide-to-prevent-caking,1
extractives-of-carrot-color,flavor,1
extractives-of-celery-seed,sugar,1
extractives-of-turmeric,jalapeno-chile,1
extractives-of-turmeric,paprika,1
extractives-of-turmeric,sodium-benzoate-potassium-sorbate,1
fair-trade-coconut-sugar,rosemary-extract,1
fd-c-blue,leaves,1
fd-c-blue,modified-palm-palm-kernel-oils,1
fd-c-blue,flour,1
fd-c-red,preservatives,1
fd-c-yellow,leaves,1
fd-c-yellow,isolated-soy-protein,1
fd-c-yellow,vegetable-oil-blend,1
fd-c-yellow-no-lake,soybean-peanut-oil,1
fd-c-yellow-no-lake,palm-oil,1
fennel,iron,1
fennel,niacin,1
fermented-grains,rendered-bacon-fat,1
ferric-orthophosphate,monosodium-glutamate,1
ferricorthophosphate,spice,1
ferrous-fumarate,hulled-sesame-seed,1
ferrous-gluconate,guar-gum,1
ferrous-sulfate,garlic-xanthan-gum,1
ferrous-sulfate,jalapeno-puree,1
ferrous-sulfate,partially-hydrolyzed-whey-protein,1
ferrous-sulfate,sorbitol,1
filling-eggs,red-chile-peppers,1
filling-tomatoes,niacin,1
filtered-water,lactic-cultures,1
fire-roasted-onion,garlic,1
flat-tofu,pineapple-cilantro,1
flat-tofu,teriyaki-sauce-vinegar,1
flavor,glucose-fructose,1
flavor,rice-milk,1
flavor,titanium-oxide,1
flavor,tocopherols-to-protect-flavor,1
flavor-extractives-of-spice,spices,1
flavor-contains-wheat,vegetable-color,1
flavor,honey-brined-chicken,1
flavor,methylcellulose,1
flavor,thousand-island-dressing,1
flavoring,gravy-mix-food-starchmodified,1
flavoring,monosodium-gluatamate,1
flavoring,pumpkin-seeds,1
flavoring,soy-sauce-powder,1
flavorings,sausage,1
flavorings-breading-water,leavening-baking-powder,1
flavorings-breading-water,waffle-bun-water,1
flavorings-potassium-lactate,sodium-nitrite-sodium-phosphates-vitamin-c,1
flavors,mixed-tocopherols-freshness,1
flavors,partially-hydrogenated-soybean-oil,1
flavors,salt-sodium-phosphate,1
flavors,triacetin,1
flavors,vitamin,1
flavors,vitamin-palminate,1
flavors,white-chocolate-flavored-chunks,1
flavors,yellow-corn,1
flavors-hydrolyzed-soy-protein,folic-acid,1
flavors-hickory-smoke,sodium-nitrite,1
flavour,spices,1
flax,tapioca-starch,1
flax-seed,flax-seed-meal,1
flax-seeds,rice-syrup,1
flaxseed,vanilla-extract,1
flayor,sugar,1
flour,stevia-extract,1
flour,to-prevent-caking,1
flour-wheat-flour,salt,1
flour-wheat-flour,lime-leaves,1
flour-wheat-flour,waffle,1
flour-tortilla,palm-corn-oil,1
flour-tortilla,spice-extractive,1
flour-water-potato-starch,salt,1
flour-wheat-flour,sodium-benzoate,1
flour-wheat-flour,soybean-oil-cottonseed-oils,1
flour-wheat-flour,wheat-bran,1
flour-wheat-flour,wheat-protein-isolate,1
folic-acid,potassium-lodate,1
folic-acid,red-green-bell-pepper,1
folic-acid,sodium-propionate-potassium-sorbate-preservative,1
folic-acid,turkey-breast-meat,1
folic-acid,turmeric-oleoresin,1
folic-acid,xanthan-gum-vitamin-mineral-blend,1
folic-acid-cyanocobalamin,maple-flavor-caramel-color,1
folic-acid,medium-grain-rice,1
folic-acid,milk-cream,1
folic-acid,roma-tomato,1
folic-acid,tomato,1
folic-acid,vegetable-oil-may-contain-one-more-of-the-following-canola,1
food-acids,jelling-agent,1
food-enzyme-yeast-idy-red,soybean-oil,1
food-fiber,sodium-benzoate-potassium-sorbate,1
food-starchmodified,freshness,1
food-starchmodified,margarine-sorbic-acid,1
food-strachmodified,nonfat-dry-milk,1
fractionated-palm,soy-lecithin,1
fractionated-palm-kernel-oil,protein-blend,1
fractionated-palm-kernel-oil,tocopherols-to-protect-flavor,1
freeze-wild-blueberries,sea-salt,1
freshness,red-bell-peppers,1
freshness,walnuts-water-sour-cream-cultured-grade-skim-milk,1
from-barley-corn,niacin,1
fructose-glucose-syrup,wheat-malt-flakes,1
fruit-juice-from-concentrate,yellow,1
fruit-puree,sugar,1
full-cream-milk-powder,riboflavin-mg-kg,1
fully-cooked-bacon-topping,sodium-ascorbate,1
fully-cooked-beef-patty,niacin,1
fully-cooked-beef-philly-steak-meat-water-binder-product,sodium-aluminum-phosphate,1
fumaric-acid,spinach,1
fumaric-acid-monoglycerides,thiamin-mononitrate,1
garbanzo-beans,tapioca-starch,1
garlic,sodium-metabisulfite,1
garlic,tapioca,1
garlic,turbinado-sugar,1
garlic,white-cheddar-cheese,1
garlic-granulated,green-beans,1
garlic-powder,lycopene,1
garlic-powder,may-also-sugar,1
garlic-powder,nongmo-expeller-pressed-sunflower-safflower-oil,1
garlic-powder,pickled-red-onions,1
garlic-powder,prepared-pinto-beans,1
garlic-powder,spices-black-pepper,1
garlic-powder,wine,1
garlic-powder-silicon-dioxide,granulated-garlic,1
garlic-puree,quinoa,1
garlic,smoked-paprika,1
gelatin,pork,1
gelatin,sesame-oil,1
gelatin,water-distilled-vinegar,1
gelatine,lime,1
ginger,mace,1
ginger,speculoos-cookie,1
ginger,star-anise,1
ginger-extract,soybeans,1
glucose,sodium-metabisulfite,1
glucose,vitamin-b,1
glucose-syrup,red,1
glucose-syrup,strawberry-puree,1
glucose-syrup-humectant-glycerol,rice-flour,1
gluten,mustard-flour-spice,1
gluten-free-oats,nutritional-yeast,1
gluten-free-oats,tomato,1
glutenfree-flour-tortilla,tomatoes,1
glycerin,isomaltooligosaccharides,1
glycerol,oat-flakes,1
glycerol-ester-of-wood-rosin,manganese-sulfate,1
glycerol-ester-of-wood-rosin,whey-protein-isolate-contains-milk,1
glycerol-monostearate,sodium-silicoaluminate,1
graham-flour,wheat-flour-wheat-flour,1
grain-corn-flour,sodium-ascorbate,1
grain-oat-flour,red,1
grain-oat-flour,trisodium-phosphate,1
granola,peanuts,1
granulated-garlic,parsley,1
grapefruit-juice,potassium-sorbate,1
grated-parmesan,sodium-acid-pyrophosphate,1
gravy-mix-food-starchmodified,wheat,1
gravy-water,tomato-paste,1
green-apple,less-than-rice-starch,1
green-bell-peppers,green-chili-peppers,1
green-chili,sour-cream,1
green-chilies,locust-bean-guar-gums,1
green-leaf-lettuce,wheat-flour-wheat-flour,1
green-onion,vegan-mayonnaise,1
green-onions,onion,1
grill-flavor-from-sunflower-oil,pea,1
grilled-seasoned-chicken-breast-meat-rib-meat,sunflower-safflower-oil,1
guar-gum,scrambled-eggs,1
guar-gum,thiamin-mayonnaise-soybean-oil,1
guar-gum,whipped-topping,1
guarana,niacinamida,1
gum-acacia,m-ms-minis-milk-chocolate-candies,1
gum-acacia,vanilla-flavor,1
gum-arabic,yogurt-coating,1
gum-tragacanth,wheat-flour,1
ham,maple-sugar,1
ham,vegetable-mono-diglycerides,1
ham-type-flavor,medium-chain-triglycerides,1
ham-water,swiss-cheese,1
hard-cooked-eggs,vinegar-water,1
hawaiian-style-spices-sugar,snowpeas,1
heavy-cream,vinegar,1
high-fructose-corn-syrup,hvp,1
high-fructose-corn-syrup-yeast,vinegar,1
high-maltose-corn-syrup,wheat-flour,1
high-oleic-sunflower-oil,protein-blend,1
high-oleic-sunflower-oil-canola-oil,soy-lecithin,1
highly,hydrolyzed-vegetable-protein,1
highly,less-than-the-following-red-jalapenos,1
himalayan-pink-salt,olismart,1
hoagie-roll,thiamin-mononitrate,1
hoisin-sauce,nonfat-milk,1
honey,modified-corn-starch-palm-oil,1
honey,seasoning-yeast-extract,1
honey,sodium-benzoate-potassium-sorbate-preservatives,1
honey-corn-maltodextrin,malic-acid,1
honey-glaze,vitamin-palmitate,1
honey-roast-sesame-sticks,honey-roasted-barbecue-peanuts,1
honey-turkey-breast,potassium-lactate,1
horseradish,tomato-paste,1
humectant,wholegrain-barley-flour,1
humectants,sodium-citrates,1
hvp,potassium-sorbate,1
hydrochloride,nutritional-yeast,1
hydrogenated,perservative,1
hydrogenated-palm-kernel-oil,sodium-steroyl-lactylate,1
hydrogenated-soybean-oil-palm-oil,thiamine-mononitrate,1
hydrolyzed-corn,soy-sauce,1
hydrolyzed-corn-protein,modified-food-starch,1
hydrolyzed-corn-soy-protein,onion,1
hydrolyzed-soy,sunflower-oil,1
hydrolyzed-soy-corn-protein,soybean-oil,1
hydrolyzed-soy-corn-protein,yeast,1
hydrolyzed-soy-protein,nondairy-creamer-dextrose,1
hydrolyzed-soy-protein,tapioca-starch,1
hydrolyzed-soy-protein,vegetable-color,1
hydrolyzed-vegetable-protein,turmeric,1
hydrolyzed-wheat-gluten,turkey-broth,1
iimitation-crab-flake,treated-salt,1
imitation-mozzarella-cheese-cooked-pork-chicken-pizza-topping-sausage-made-pork-chicken-pepperoni-pork,sodium-nitrite,1
in-hot-sauces,spice-flavors,1
interesterified-soybean-oil-salt,refried-beans,1
inulin,soybean-lecithin,1
inulin,vanilla-flavor,1
inulin,vit-b,1
invert-sugar,leavenings,1
invert-sugar,lemon-flavored-filling,1
invert-sugar,orange,1
invert-sugar,peanuts,1
invert-sugar,rosemary,1
invert-sugar,sweetened-condensed-milk,1
invert-sugar,vegetable-oil,1
iron,okra,1
iron,plain-spinach-pasta,1
iron,soy-lecithin-processing-aid,1
iron,vitamin-b-vitamin-d,1
iron-pyrophosphate,plant-based-burger-crumble,1
isolated-soy-protein,potassium-sorbate,1
italian-dressing,tomatoes,1
jalapeno,wheat-flour,1
jalapeno-pepper-powder,onion,1
jalapeno-pepper-powder-citric-acid,spices,1
jalapeno-peppers,worcestershire-sauce,1
k,milk,1
kelp,pacific-kombu-extract,1
khorasan-wheat,sunflower-seed,1
kosher-enzymes,sugar,1
kosher-salt,lemon-juice,1
lcysteine,vegetable-color,1
lcysteine-hydrochloride,vinegar,1
lcysteine-monohydrochloride,mono-diglycerides,1
llysine-monohydrochloride,smoke-flavor-brine-water,1
lac-resin,sodium-aluminum-sulfate,1
lactic-acid,semisweet-chocolate-chips-sugar,1
lactic-acid-starter-culture,salt-soppressata-pork,1
lactic-acid,sunflower-oil,1
lactic-acid,syrup-blend,1
lactose,roasted-cashews-cashews,1
leaven,salt,1
leavening,monosodium-gluatamate,1
leavening,paprika-oleoresin,1
leavening-sodium-bicarbonate,milk-cream,1
leavening-agents,maltodextrin,1
leavening-sodium-bicarbonate,water,1
leavenings-sodium-bicarbonate-e,wheat-flour,1
lemon-flavedo,reduced-iron,1
lemon-juice,sesame-oil,1
lemon-oil,lemon-pepper-seasoning,1
lemon-oil-citral,spices,1
lemon-pepper,onion-juice,1
less-than-cocoa-powder-processed-alkali,milk-chocolate,1
less-than-corn-syrup-solids,sodium-erythorbate,1
less-than-mustard-flour,water,1
less-than-salt,red-chili,1
less-than-salt,soybean-oil,1
less-than-spices,mustard-flour,1
lettuce,yellow-onions,1
light-brown-sugar,reduced-iron,1
lime-juice,vegan,1
lime-juice-concentrate,reconstituted-lime-juice-water,1
lipase,papaya,1
liquid-fructose,malt-extract,1
locust-bean-gum,vegetable-gum,1
long-grain-rice,palm-shortening,1
long-grain-rice-rice,soybean-oil,1
low-fat-soy-flour,red-pepper,1
low-moisture-part-skim-mozzarella-cheese,wheat-flour,1
low-moisture-part-skim-mozzarella-cheese-part-skim-milk,palm-oil-soy-lecithin,1
low-moisture-part-skim-mozzarella-cheese-part-skim-milk,parmesan-cheese-cows-milk,1
m-ms-minis-milk-chocolate-candies,peanut-butter,1
magnesium-sulfate,vitamin-b,1
malt-barley-flour,soybean-oil,1
malted-barley-flour,modified-food,1
malted-barley-flour,mozzarella-cheese-milk,1
malted-barley-flour,romaine-leaf-lettuce,1
malted-barley-flour,thamin-mononitrate,1
malted-barley-syrup-vitamins-minerals-potassium-chloride,vitamin-d,1
malted-barley-syrup-vitamins-minerals-potassium-chloride,vitamin-palmitate,1
maltitol-syrup,vanilla,1
maltodextrin-egg-yolk,to-protect-flavor,1
mango,tomato-paste,1
mango-puree,sugar,1
maple-flavored-pancake-water,water,1
margarine,sodium-metabisulfite,1
margarine,vegetable-shortening-palm-oil-propylene-glycol-mono-diesters-of-fats-fatty-acids,1
margarine,wheat-starch,1
margarine-sorbic-acid,wheat-gluten,1
marsala-cooking-wine,potassium-metabisulfite,1
masa-flour,textured-vegetable-protein,1
matodexterin,riboflavin,1
may-sunflower-palm-oil,red-lake,1
meatless-grounds,sugar,1
methyl-cellulose,red-quinoa-farro-blend,1
methylcellulose,niacin-vitamin-b,1
mexicanstyle-rice-beans-rice-long-grain-rice,sodium-bicarbonate,1
mexicanstyle-rice-beans-rice-long-grain-rice,tamarind-extract,1
microcrystalline-cellulose,spices,1
milk,milk-chocolate-sugar,1
milk,pyridoxine-hydrochloride,1
milk,salt-each-of-the-following-enzymes,1
milk,salted,1
milk,soy-lecithin-an-emulsifier,1
milk,whipped-topping,1
milk-chocolate-sugar,niacin,1
milk-chocolate-candies,yogurt-cultures,1
milk-chocolate-liquor,milk-chocolate-sugar,1
milk-derivative,vegetable-oil,1
milk-fat,wheat-flower,1
milk-nuts,oat-flakes,1
milk-nuts,rapeseed,1
milk-protein-concentrate,modified-cornstarch,1
milk-protein-concentrate,potassium-sorbate,1
milk-protein-concentrate,red,1
milk-protein-powder,niacin,1
milkfat,palmitate,1
milkfat,pretzels,1
minced-pimento,sodium-alginate,1
mineral-oil,palm-kernel-oil,1
mineral-oil,phosphoric-acid,1
mirin-wine-sake,surimi,1
mixed-tocopherols,wheat-flour,1
modified-cellulose,sodium-alginate,1
modified-corn-starch,potassium-metabisulfite,1
modified-corn-starch,sweet-cream,1
modified-corn-starch,the-following-tomato,1
modified-corn-starch,tomato-paste-salt,1
modified-cornflour,spices,1
modified-cornstarch,unsweetened-chocolate,1
modified-food-starch,succinic-acid,1
modified-food-starch,vegetable-shortening-soybean-oil,1
modified-palm,riboflavin,1
modified-potato-starch,vegetable-oil-palm-oil,1
modified-tapioca-corn-starch,sherry-wine,1
modified-wheat-starch,stevia-leaf-sweetener,1
monk-fruit-extract,monopotassium-phosphate,1
monk-fruit-extract,ripptein-pea-protein,1
mono-diglycerides,sodium-phosphate-dextrose-browned-in-cottonseed-oil-coated-cayenne-red-pepper,1
mono-di-glycerides,water,1
mono-diglycerides,spinach-seasoning,1
monocalcium-phosphate,shellac-gum,1
monocalcium-phosphate,textured-vegetable-protein-soy-protein-concentrate,1
monocalcium-phosphate,rum,1
monoglycerides-diglycerides,reconstituted-potatoes,1
monopotassium-phosphate,nonfat-dry-milk,1
monopotassium-phosphate,vitamin-b-vitamin-b,1
monosodium-glutamate,soy-wheat,1
monosodium-glutamate,treated-salt,1
monterey-jack-cheese,pork,1
mozzarella-cheese-partskim-milk,yeast,1
mung-bean-sprouts,salt,1
mung-bean-sprouts,sesame-protein-concentrate-crisp-rice,1
mustard,soy-sauce,1
mustard,soy-saucewheat,1
mustard-vinegar,mustard-seed,1
mustard-flour,tofu,1
mustard-flour,vitamin-k,1
mustard-seed,phylloquinone,1
mustard-seed,red-skin-potato,1
mustard-seed,strawberry-cortrate-gelatin,1
mustard-seed,yogurt,1
new-mexico-red-chilis,vine-ripe-tomato,1
niacin,partially-hydrogenated-soybean-cottonseed-oils,1
niacin,portobello-mushrooms,1
niacin,shrimp,1
niacin,sodium-stearoyl-lactylate-citric-acid,1
niacin,sorbic-acid,1
niacin,vegetable-coloring-annatto-apocarotenal,1
niacin,vitamin-b,1
niacin,wild-rice,1
niacin-reduced-iron,water,1
niacin-vitamin-b,salt,1
niacinamide,thousand-island-dressing,1
nisin,soy-lecithin,1
nisin-preparation,tapioca-starch,1
nonalcoholic-liquor,xanthan-gum,1
nondairy-condensed-milk-type-flavor,spices,1
nondairy-creamer-dextrose,seaweed,1
nonfat-dry-milk,yellow,1
nongmo-canola-oil,soy-chorizo,1
nongmo-popcorn,spices,1
nonsticking-agent,wheat-gluten-bnzymes,1
nonfant-milk,salt-sodium-citrate,1
nonfat-dry-milk-carrageenan,turkey-fat,1
nonfat-dry-milk-solids,reduced-mineral-whey-powder,1
nonfat-milk,xanthan-gum-vitamin-mineral-blend,1
nutmeg,oat-fiber,1
nutritional-yeast,psyllium,1
oats,raspberry,1
ohyeah-blend-consisting-of-whey-protein-isolate,vanilla,1
oil-roasted-canola,pears,1
okra,polysorbate,1
olive-oil,pita-bread,1
olives-nicoise-olives,sugar,1
onion,sodium-gluconate,1
onion-powder,partskim-cows-milk,1
onion-powder,vinegar-white,1
onions,toasted-red-quinoa,1
orange-juice-solids,white-wine,1
oreo-cookie-crumbs,sodium-bicarbonate,1
oreo-cookie-crumbs,water,1
palm-base,whey-powder,1
palm-kernel-oil,peanut-butter-cups,1
palm-oil,sassafras,1
palm-oil,sugar,1
palm-oil,sweet-dairy-whey,1
palm-oil-palm-oil,riboflavin,1
palm-oill,wheat-flour,1
palm-olein,sodium-stearoyl-lactylate,1
palm-olein,spices,1
palmitate,vanilla-bean-extract,1
paprika-extract,pasta-product-calcium-vitamin-d,1
paprika-extract,vegetable-broth,1
paprika-extract,vitamins-minerals,1
paprika-extractives-of-paprika,salt,1
paprika-oleoresin,spice-extractives,1
paprika-oleoresin,yellow-corn-flour,1
paprika-turmeric,sodium-phosphate,1
parmesan-cheese,spices,1
part-skim-milk,sodium-aluminum-phosphate,1
part-skim-mozzarella-cheese,sea-salt,1
part-skim-mozzarella-cheese,spice,1
partially-hydrogenated-soy-cottonseed-oil,polysorbate,1
partially-hydrogenated-soybean-cottonseed-oils,thiamin-mononitrate-riboflavin,1
partially-hydrogenated-soybean-oil,sodium-benzoate-potassium-sorbate,1
pastry-flour,propyleneglycol,1
pastry-flour,sugar-fully-hydrogenated-vegetable-oils-rapeseed,1
pea-fiber,pea-protein-powder,1
pea-fiber,yeast-extract,1
pea-protein,spice-extractives,1
peach,vitamin-palmitate,1
peanut,sugar,1
peanut-butter,sodium-caseinate,1
pear-juice-from-concentrate,pomegranate-mango-juices-from-concentrate,1
pecans,whey-protein-isolate,1
pecorino-yeast,thiamin-mononitrate,1
pectin,salted,1
pectin,sesame-seeds,1
perservative,wheat-protein-isolate,1
phytonadione,vit-b,1
pickled-red-onions,salt,1
pico-de-gallo-salsa,sodium-phosphate,1
pineapple,red-bell-pepper,1
pineapple-juice-concentrate,reconstituted-lime-juice-water,1
pineapple-juice-from-concentrate,sucralose,1
pitted-kalamata-olives,riboflavin,1
pizza-crust-flour,sodium-phosphates,1
pizza-sauce-eggplant,riboflavin,1
polysorbate,vitamin-b,1
pomegranate,spice,1
poppy-seed,pumpkin-seed,1
poppy-seed,torula-yeast,1
poppy-seeds,yogurt-culture,1
pork,soybean-lecithin,1
pork,sugar-water,1
pork-chicken-sausage-link,sodium-phosphates,1
potassium-chloride,soybeans,1
potassium-hydroxide,pyridoxine-hydrochloride,1
potassium-lodate,soybean-oil,1
potassium-phosphate,sodium-stearoyl-lactylate,1
potassium-sorbate,spice-extractives,1
potassium-sorbate,sulphites,1
potassium-sorbate-leavening,wheat-gluten-salt,1
potassium-sorbate-calcium-disodium-edta,soy-lecithin,1
potassium-sorbate-citric-acid,wheat-protein,1
potassium-sorbate-potassium-benzoate,roasted-garlic,1
potassium-sorbate-sodium-benzoate,salt-sugar,1
potato,semolina,1
potato,worcestershire-sauce,1
potato-flake,tapioca-starch,1
potato-flakes,soy-protein-isolate,1
potato-flour,wheat-gluten,1
potato-starch,semolina-wheat,1
potatoes,textured-vegetable-protein-product,1
potatoes,red-green-jalapeno-peppers,1
pregelatinized-rice-flour,vitamin-c,1
pregelatinized-rice-flour,xanthan-gum-cultured-dextrose,1
preservative,reduced-iton,1
preservative,yellow-yellow,1
preserved-sorbic-acid,riboflavin,1
pretzel,soybean,1
pretzels,safflower-oil-sunflower-oil,1
processed-alkali,spices,1
propylene-glycol-monoesters,soy-flour,1
propylene-glycol-monoesters-of-fatty-acids,vital-wheat-gluten,1
protease,rose-hips,1
protein-blend,yellow,1
protein-blend,yellow,1
pumpkin-seed,water,1
pumpkin-seeds,thompson-raisins,1
pyridoxine-hydrochloride,soybean-canola,1
pyridoxine-hydrochloride,thousand-island-dressing,1
pyridoxine-hydrochloride,tofu,1
pyroidoxine-hydrochloride,sugar,1
quinoa,stoneground-corn-masa-flour,1
rainbow-colored-confetti,sugar-sugar,1
raisin,unsweetened-chocolate,1
raisin-juice-concentrate,turmeric,1
raising-agents,wholegrain-barley-flour,1
raising-agents-sodium-ammonium-bicarbonates,vegetable-fibre,1
ranch-dressing,vegetable-oil,1
raspberry,rosemary-extract,1
raspberry,siberian-eleuthero-root,1
raspberry,vegetable-carbon,1
reb,sweet-potato,1
rebaudioside,zinc-lactate,1
red,us-certified-colors,1
red,soluble-corn-fiber,1
red,smarties,1
red,soy-flour,1
red,yogurt-cultures,1
red-lake,vanilla-extract,1
red-bell-peppers,wheat-soybeans,1
red-bell-peppers,yellow-yellow,1
red-cabbage,vitamin-b,1
red-cabbage,vitamins-minerals-potassium-chloride,1
red-chili,yeast-extract,1
red-onion,white-vinegar,1
red-raspberry-puree,wheat-flour,1
red-romaine-lettuce,xanthan-gum,1
red-wine-vinegar,salted-cabernet-sauvignon-wine,1
red-wine-vinegar,spices-black-pepper,1
red-wine-vinegar,vinegar-powder,1
red-wine-vinegar-balsamic-vinegar,seasonings,1
reduced-iron,the-following-molasses,1
riboflavin,rice-wine,1
riboflavin,salt-filling-pork,1
riboflavin,thiamin-mononitratevitamin-b,1
riboflavin,vegetable-oil-canola-oil,1
riboflavin,vinegar-lemon-juice,1
riboflavin,wild-rice,1
riboflavin-folic-acid,sodium-bisulfite,1
rice,seaweed-maltodextrin,1
rice,shallot,1
rice,vitamin-c,1
rice,water,1
rice-bran-extract,rice-flour,1
rice-flour,rice-vinegar,1
rice-flour,silica,1
rice-flour,vitamin-e-to-maintain-freshness,1
rice-paper-tapioca,salt,1
rice-quinoa,service-spices,1
rice-quinoa,tomato-powder,1
ricotta-cheese,toasted-wheat-crumbs,1
roma-tomato,sodium-phosphate-dextrose,1
roma-tomatoes,semolina-wheat,1
romano-cheese-made-from-cows-milk,sodium-aluminum-phosphate,1
rosemary-extract,zinc,1
rosemary-extract-ascorbic-acid-freshness,sugar,1
rotisserie-chicken-breast-chicken-breast,sodium-benzoate,1
rye,teff,1
safflower-oil-sunflower-oil,yellow,1
salt,sodium-carbonates,1
salt,soft-flour,1
salt,soybean-polysaccharide,1
salt,transglutaminase,1
salt,vegetable-oil-may-contain-one-more-of-the-following-corn,1
salt-brioche-bun-flour-wheat-flour,turmeric-paprika,1
salt-citric-acid-to-maintain-freshness,sugar-cream,1
salt-less-than-dextrose,sodium-diacetate,1
salted-mushrooms,water,1
sauce-crushed-tomatoes,tartic-acid,1
scrambled-eggs,whey,1
sea,yeast-extract,1
sea-salt,unrefined-coconut-oil,1
sea-salt,titanium-dioxide,1
sea-salt,vegetable-flavor-carrots,1
sea-salt,vegetable-shortening,1
seasonal-chiles,shiitake-mushrooms,1
seasoned-chicken-tenders-piccata-sauce,sodium-benzoate,1
seasoning,tartaric-acid,1
seasoning-salt,sugar-salt,1
seasoning-spices,soy-flour,1
seasoning-blend,sodium-nitrite,1
seaweed,spirulina,1
semisweet-chocolate-chips,wheat-gluten,1
semolina,sugar,1
serrano-chile,soybean,1
sesame-seed,teriyaki-sauce-vinegar,1
sesame-seeds,shiitake-mushrooms,1
shiitake-mushrooms,xanthan-gum,1
shortening,tomato-sauce,1
silicon-dioxide-an-anticaking-agent,spice-mix-sea-salt,1
skim-milk,sodium-aluminum,1
skim-milk,turkey-breast,1
skim-milk-powder,wheat-bran,1
smoke-flavoring,soybeans,1
sodium-acid-pyrophosphate,spinach-wrap-wheat-flour,1
sodium-acid-pyrophosphate,white-corn-treated-hydrated-lime,1
sodium-aluminum-phosphate,vanilla,1
sodium-aluminum-phosphate,wheat-starch,1
sodium-benzoate-potassium-sorbate,soybean-oil,1
sodium-benzoate-preservative,to-maintain-freshness,1
sodium-bicarbonate,vinegar-tortilla-wheat-flour,1
sodium-bicarbonate,yogurt-flavored-coating-pretzels,1
sodium-bicarbonate-ammonium-bicarbonate,vegetable-oil-canola-oil,1
sodium-bicarbonate-moon-meals-vegan-taco-meat-vital-wheat-gluten,sunflower-oil,1
sodium-carbonate,sodium-phosphate,1
sodium-citrate,sodium-propionate,1
sodium-citrate,stevia-leaf-extract,1
sodium-citrate,vanilla-frosting-base,1
sodium-diacetate,spinach,1
sodium-diacetate,yellow-corn-meal,1
sodium-erythorbate,sunflower-oil-smoke,1
sodium-metabisulfite,soy-sauce-powder,1
sodium-nitrite,sorbic-acid,1
sodium-phosphate,sorbitol,1
sodium-phosphate,textured-vegetable-protein,1
sodium-phosphate-sodium-erythorbate,thamin-mononitrate,1
sodium-propionate,to-retard-spoilage,1
sodium-steroyl-lactylate,water,1
sorbate,water,1
sorbic-acid,soy,1
soudium-benzoate-potassium-sorbate-fd-c-yellow-no,water,1
soy-fiber,wheat-flour,1
soy-lecithin,sunflower-soybean-oil,1
soy-lecithin-an-emulsifier,thiamin,1
soy-lecithin-ins-e,yeast,1
soy-lecithin-an-emulsifier,thiamine-mononitrate,1
soy-protein-concentrate,textured-soy-protein,1
soy-protein-vitamins-minerals,thiamine-hydrochloride-b,1
soy-sauce-water,soybean-oil,1
soy-wheat-protein,succinic-acid,1
soya-flour,sprouted-ancient-grains,1
soybean,vinegar-spices,1
soybean-cottonseed-oils,thiamin-mononitrate,1
soybean-oil,sugar-high-fructose-corn-syrup,1
soybean-oil,vitamin-b,1
soybean-oil-hydrogenated-soybean-oil,vital-wheat-gluten,1
soybean-oil-palm-olein,spices,1
soybean-palm-canola-corn-oil,thiamine-mononitrate-vitamin-b,1
soybean-sunflower,wheat-flour,1
soybean,vegetable-oil-may-contain-one-more-of-the-following-corn,1
spice,wheat-semolina,1
spice,yellow,1
spice,zinc,1
spice-extractives,vitamin-b,1
spice-mix-sea-salt,yellow-yellow,1
spices,sulfiting-agents,1
spices-tumeric,vegan-mayo,1
stevia,strawberry-juice-from-concentrate,1
stevia,sunflower-oil,1
stevia-extract,wheat-flour-niacin,1
stevia-leaf-sweetener,wheat-gluten,1
sugar,sunflower-lecithin-emulsifier,1
sugar,vitb,1
sunflower-lecithin,vanilla-flavoring,1
sunflower-m,vanillin,1
sunflower-oil,yellow,1
sunflower-oil-extra-virgin-olive,walnuts,1
sunflower-oil,yeast,1
sunflower-seeds,torula-yeast,1
supreme-protein-bled,zinc-oxide,1
sweet-cream-butter-milk-solids,vitamin-palmitate,1
sweet-relish-cucumbers,textured-pea-protein-pea-protein,1
tapioca-dextrin,yeast-extract,1
tapioca-syrup,turmeric,1
tapioca-syrup,vitamin-b,1
the-following-soybean-oil,wheat-starch,1
thiamin,vit-b,1
thiamine-mononitrate,wheat-flour-wheat-flour,1
thiamine-mononitrate,wheat-flourflour,1
thiamine-mononitrate,whey-pecan-pieces,1
tocopherols,xanthan-gum,1
tomato-powder,vegetable-oil,1
torula-yeast,yellow-corn-flour,1
turmeric,wheat-flour-enzymes,1
turmeric,whey-leavening,1
unbromated-wheat-flour-flour,wheat-gluten,1
unsweetened-chocolate,walnuts,1
vanilla-extract,vitamin,1
vegetable-oil-may-contain-one-more-of-the-following-canola,yeast,1
vegetable-oil-palm,wheat-flour,1
vegetable-puree-extracts,yellow,1
vegetable-shortening-soybean-oil,whipped-cream-cheese-spread,1
virginia-style-ham,yeast,1
vit-b,vitamin-e,1
vitalwheat-gluten,wheat-flour,1
vitamin-b,yeast-food,1
vitamin-b,vitamin-k,1
vitamin-c-palmitate-antioxidants,wheat-gluten,1
vitamin-mix,whey-protein-concentrate,1
vitamin-palmitate,walnuts,1
water-process-jack-american-cheese-peppers-product,wheat-flour-niacin,1
wheat-flour,wildflower-honey,1
wheat-flour-wheat-flour,white-chicken,1
